customer_id,customer_name,industry,segment,country,city,region,subregion,recency_days,frequency,monetary,total_quantity,total_profit,total_discount,tenure_days,churn_flag
1001,"Abbott Laboratories",Healthcare,Enterprise,Australia,Sydney,APJ,ANZ,1564,1,213.12,5,-15.22,0.30,0,1
1001,"Abbott Laboratories",Healthcare,Enterprise,Brazil,"São Paulo",AMER,LATAM,1381,1,299.90,2,74.98,0.00,0,1
1001,"Abbott Laboratories",Healthcare,Enterprise,Canada,Toronto,AMER,NAMER,873,1,425.06,20,24.32,0.20,0,1
1001,"Abbott Laboratories",Healthcare,Enterprise,Chile,Santiago,AMER,LATAM,1553,1,191.97,7,16.80,0.20,0,1
1001,"Abbott Laboratories",Healthcare,Enterprise,China,Shenzhen,APJ,APAC,676,1,19.98,1,8.59,0.00,0,1
1001,"Abbott Laboratories",Healthcare,Enterprise,France,Paris,EMEA,EU-WEST,1508,1,109.36,8,-6.72,0.40,0,1
1001,"Abbott Laboratories",Healthcare,Enterprise,Ireland,Dublin,EMEA,UKIR,1350,1,89.36,4,40.57,0.00,0,1
1001,"Abbott Laboratories",Healthcare,Enterprise,Singapore,Singapore,APJ,APAC,658,1,36.44,4,12.03,0.00,0,1
1001,"Abbott Laboratories",Healthcare,Enterprise,Sweden,Stockholm,EMEA,NOR,1280,1,1127.98,3,126.90,0.20,0,1
1001,"Abbott Laboratories",Healthcare,Enterprise,"United Kingdom",London,EMEA,UKIR,1189,1,8.00,5,3.44,0.00,0,1
1001,"Abbott Laboratories",Healthcare,Enterprise,"United States","New York City",AMER,NAMER,1944,1,294.72,6,108.00,0.00,0,1
1001,"Abbott Laboratories",Healthcare,SMB,Australia,Sydney,APJ,ANZ,1709,1,314.56,20,-180.17,3.10,0,1
1001,"Abbott Laboratories",Healthcare,SMB,"United Kingdom",London,EMEA,UKIR,1834,1,163.62,14,51.15,0.00,0,1
1001,"Abbott Laboratories",Healthcare,SMB,"United States",Anaheim,AMER,NAMER,1606,1,105.69,14,41.58,0.20,0,1
1001,"Abbott Laboratories",Healthcare,SMB,"United States",Atlanta,AMER,NAMER,688,1,21.96,2,6.15,0.00,0,1
1001,"Abbott Laboratories",Healthcare,SMB,"United States","Los Angeles",AMER,NAMER,666,2,53.32,8,17.53,0.00,337,1
1001,"Abbott Laboratories",Healthcare,Strategic,Brazil,"São Paulo",AMER,LATAM,826,1,2049.53,10,568.13,0.10,0,1
1001,"Abbott Laboratories",Healthcare,Strategic,Canada,Toronto,AMER,NAMER,709,1,598.16,8,149.19,0.00,0,1
1001,"Abbott Laboratories",Healthcare,Strategic,Chile,Antofagasta,AMER,LATAM,1415,1,1044.07,32,-126.54,2.40,0,1
1001,"Abbott Laboratories",Healthcare,Strategic,France,Paris,EMEA,EU-WEST,601,1,18.70,7,2.34,0.20,0,1
1001,"Abbott Laboratories",Healthcare,Strategic,Ukraine,Kharkiv,EMEA,EU-EAST,1239,1,86.45,7,38.04,0.00,0,1
1001,"Abbott Laboratories",Healthcare,Strategic,"United Kingdom",Brighton,EMEA,UKIR,1937,1,257.75,11,124.79,0.20,0,1
1001,"Abbott Laboratories",Healthcare,Strategic,"United Kingdom",London,EMEA,UKIR,1684,1,53.67,6,20.16,0.00,0,1
1001,"Abbott Laboratories",Healthcare,Strategic,"United States",Detroit,AMER,NAMER,724,1,3397.74,30,902.08,0.60,0,1
1001,"Abbott Laboratories",Healthcare,Strategic,"United States","Los Angeles",AMER,NAMER,1323,2,1040.67,15,155.09,0.40,428,1
1001,"Abbott Laboratories",Healthcare,Strategic,"United States","New York City",AMER,NAMER,712,4,595.36,17,118.58,0.20,1204,1
1002,Aetna,Healthcare,SMB,Australia,Geelong,APJ,ANZ,1345,1,12.22,2,4.43,0.20,0,1
1002,Aetna,Healthcare,SMB,Australia,Sydney,APJ,ANZ,843,2,435.49,19,-20.59,2.10,1116,1
1002,Aetna,Healthcare,SMB,Australia,Wollongong,APJ,ANZ,1045,1,1.96,2,-3.24,0.80,0,1
1002,Aetna,Healthcare,SMB,Belgium,Antwerp,EMEA,EU-WEST,1707,1,265.79,39,13.81,2.10,0,1
1002,Aetna,Healthcare,SMB,Brazil,"São Paulo",AMER,LATAM,1333,1,1233.61,21,252.89,0.00,0,1
1002,Aetna,Healthcare,SMB,Canada,Toronto,AMER,NAMER,836,5,1162.33,23,110.14,0.20,1059,1
1002,Aetna,Healthcare,SMB,Chile,Santiago,AMER,LATAM,1455,1,329.44,16,-23.00,0.80,0,1
1002,Aetna,Healthcare,SMB,"Czech Republic",Prague,EMEA,EU-EAST,905,1,29.16,3,8.46,0.00,0,1
1002,Aetna,Healthcare,SMB,Finland,Tampere,EMEA,NOR,1825,1,286.65,16,104.88,0.00,0,1
1002,Aetna,Healthcare,SMB,France,Nice,EMEA,EU-WEST,1504,1,20.10,1,1.76,0.20,0,1
1002,Aetna,Healthcare,SMB,France,Paris,EMEA,EU-WEST,694,4,319.52,17,-36.25,1.80,1167,1
1002,Aetna,Healthcare,SMB,Germany,Cologne,EMEA,EU-WEST,954,1,72.22,4,25.28,0.20,0,1
1002,Aetna,Healthcare,SMB,Japan,Chiba,APJ,JAPN,938,1,147.63,15,-31.38,2.00,0,1
1002,Aetna,Healthcare,SMB,Japan,Saitama,APJ,JAPN,618,1,536.86,8,6.61,0.50,0,1
1002,Aetna,Healthcare,SMB,Japan,Shizuoka,APJ,JAPN,1434,1,47.52,2,-2.04,0.30,0,1
1002,Aetna,Healthcare,SMB,Japan,Tokyo,APJ,JAPN,695,5,1884.79,31,364.38,4.10,1043,1
1002,Aetna,Healthcare,SMB,Mexico,"Mexico City",AMER,LATAM,758,1,2610.74,33,-201.05,1.40,0,1
1002,Aetna,Healthcare,SMB,Philippines,Manila,APJ,APAC,1155,1,487.50,29,167.16,0.00,0,1
1002,Aetna,Healthcare,SMB,Portugal,Lisboa,EMEA,EU-WEST,1907,1,180.93,3,46.59,0.00,0,1
1002,Aetna,Healthcare,SMB,Singapore,Singapore,APJ,APAC,1098,1,10.56,2,4.75,0.00,0,1
1002,Aetna,Healthcare,SMB,"South Africa","Cape Town",EMEA,MEA,1685,1,39.13,1,-8.80,0.20,0,1
1002,Aetna,Healthcare,SMB,"South Africa",Johannesburg,EMEA,MEA,725,1,80.57,7,-12.03,0.90,0,1
1002,Aetna,Healthcare,SMB,Spain,Alicante,EMEA,EU-WEST,630,1,25.06,7,12.53,0.00,0,1
1002,Aetna,Healthcare,SMB,Spain,Madrid,EMEA,EU-WEST,1578,1,2298.90,19,397.95,0.00,0,1
1002,Aetna,Healthcare,SMB,Sweden,Gothenburg,EMEA,NOR,852,1,22.74,9,2.51,0.40,0,1
1002,Aetna,Healthcare,SMB,Sweden,Stockholm,EMEA,NOR,1787,1,2692.33,9,-937.41,0.70,0,1
1002,Aetna,Healthcare,SMB,"United Kingdom",Belfast,EMEA,UKIR,610,1,1827.51,21,764.89,0.00,0,1
1002,Aetna,Healthcare,SMB,"United Kingdom",Liverpool,EMEA,UKIR,1930,1,17.46,2,5.94,0.00,0,1
1002,Aetna,Healthcare,SMB,"United Kingdom",London,EMEA,UKIR,776,6,1508.01,21,572.80,0.60,626,1
1002,Aetna,Healthcare,SMB,"United States","Los Angeles",AMER,NAMER,625,2,605.38,34,193.44,0.20,664,1
1002,Aetna,Healthcare,SMB,"United States","New York City",AMER,NAMER,831,12,5026.50,100,1091.99,2.00,1110,1
1002,Aetna,Healthcare,SMB,"United States",Newark,AMER,NAMER,1497,1,170.35,3,-17.04,0.20,0,1
1002,Aetna,Healthcare,SMB,"United States",Providence,AMER,NAMER,1430,1,189.99,12,53.19,0.00,0,1
1002,Aetna,Healthcare,SMB,"United States",Seattle,AMER,NAMER,1848,1,176.49,10,78.74,0.20,0,1
1002,Aetna,Healthcare,SMB,"United States",Yonkers,AMER,NAMER,742,1,356.65,9,98.50,0.00,0,1
1002,Aetna,Healthcare,Strategic,Argentina,"Buenos Aires",AMER,LATAM,1825,1,196.21,7,98.11,0.00,0,1
1002,Aetna,Healthcare,Strategic,Brazil,Brasília,AMER,LATAM,1420,1,220.31,5,38.63,0.00,0,1
1002,Aetna,Healthcare,Strategic,Chile,Antofagasta,AMER,LATAM,1706,1,100.70,6,-1.26,0.20,0,1
1002,Aetna,Healthcare,Strategic,Chile,Santiago,AMER,LATAM,1046,1,10.50,4,1.18,0.20,0,1
1002,Aetna,Healthcare,Strategic,Japan,Tokyo,APJ,JAPN,1238,1,100.71,3,-0.92,0.50,0,1
1002,Aetna,Healthcare,Strategic,Mexico,Tijuana,AMER,LATAM,1776,1,795.41,6,59.66,0.20,0,1
1002,Aetna,Healthcare,Strategic,Netherlands,"The Hague",EMEA,EU-WEST,1049,1,9.99,1,4.50,0.00,0,1
1002,Aetna,Healthcare,Strategic,"South Africa",Johannesburg,EMEA,MEA,703,3,168.79,12,15.05,1.10,508,1
1002,Aetna,Healthcare,Strategic,"United States",Houston,AMER,NAMER,1584,1,12.83,2,4.33,0.20,0,1
1002,Aetna,Healthcare,Strategic,"United States","Los Angeles",AMER,NAMER,821,1,551.04,12,2.63,0.40,0,1
1003,Allstate,Finance,Enterprise,Argentina,Rosario,AMER,LATAM,855,1,2633.51,9,632.46,0.00,0,1
1003,Allstate,Finance,Enterprise,Finland,Vantaa,EMEA,NOR,686,1,148.16,15,45.28,0.00,0,1
1003,Allstate,Finance,Enterprise,India,Delhi,APJ,IND,771,1,639.83,9,103.96,0.00,0,1
1003,Allstate,Finance,Enterprise,"United States","Fort Worth",AMER,NAMER,881,1,314.55,3,150.98,0.00,0,1
1003,Allstate,Finance,Enterprise,"United States",Jacksonville,AMER,NAMER,699,1,2089.41,12,273.87,0.20,0,1
1003,Allstate,Finance,Enterprise,"United States","New York City",AMER,NAMER,1249,1,4173.81,13,371.05,0.20,0,1
1003,Allstate,Finance,Enterprise,"United States",Seattle,AMER,NAMER,1780,1,604.99,6,82.52,0.20,0,1
1003,Allstate,Finance,SMB,Argentina,Córdoba,AMER,LATAM,1633,1,286.79,7,74.57,0.00,0,1
1003,Allstate,Finance,SMB,Australia,Melbourne,APJ,ANZ,955,1,186.05,6,67.44,0.20,0,1
1003,Allstate,Finance,SMB,Canada,Toronto,AMER,NAMER,990,3,1629.41,16,399.64,0.40,993,1
1003,Allstate,Finance,SMB,Canada,Vancouver,AMER,NAMER,639,1,429.59,6,122.30,0.20,0,1
1003,Allstate,Finance,SMB,Chile,Antofagasta,AMER,LATAM,1745,1,742.34,8,83.51,0.20,0,1
1003,Allstate,Finance,SMB,"Czech Republic",Prague,EMEA,EU-EAST,600,1,1665.62,2,33.31,0.00,0,1
1003,Allstate,Finance,SMB,Finland,Helsinki,EMEA,NOR,1058,1,396.00,4,190.08,0.00,0,1
1003,Allstate,Finance,SMB,Germany,Cologne,EMEA,EU-WEST,1518,1,11.67,1,-0.73,0.20,0,1
1003,Allstate,Finance,SMB,Germany,Dresden,EMEA,EU-WEST,1053,1,24.07,11,-0.20,0.90,0,1
1003,Allstate,Finance,SMB,Israel,"Tel Aviv",EMEA,EU-EAST,609,1,1669.60,4,116.87,0.00,0,1
1003,Allstate,Finance,SMB,Japan,Aichi,APJ,JAPN,1007,1,358.55,8,1.85,0.80,0,1
1003,Allstate,Finance,SMB,Japan,Hyogo,APJ,JAPN,2000,1,12.62,2,-2.52,0.20,0,1
1003,Allstate,Finance,SMB,Luxembourg,Luxembourg,EMEA,EU-WEST,677,1,1793.98,2,843.17,0.00,0,1
1003,Allstate,Finance,SMB,Mexico,Tijuana,AMER,LATAM,989,1,5016.56,10,-6892.37,1.60,0,1
1003,Allstate,Finance,SMB,Singapore,Singapore,APJ,APAC,1004,1,563.94,4,116.86,0.00,0,1
1003,Allstate,Finance,SMB,Sweden,Uppsala,EMEA,NOR,1001,1,52.14,7,5.87,0.20,0,1
1003,Allstate,Finance,SMB,Ukraine,Kyiv,EMEA,EU-EAST,970,2,647.41,14,238.08,0.00,893,1
1003,Allstate,Finance,SMB,"United Kingdom",London,EMEA,UKIR,590,4,704.03,46,154.12,0.40,1389,1
1003,Allstate,Finance,SMB,"United States",Lawrence,AMER,NAMER,629,1,283.92,5,-46.14,0.20,0,1
1003,Allstate,Finance,SMB,"United States","Los Angeles",AMER,NAMER,1552,1,38.52,9,17.34,0.00,0,1
1003,Allstate,Finance,SMB,"United States","New York City",AMER,NAMER,647,2,862.63,15,260.08,0.40,1048,1
1003,Allstate,Finance,SMB,"United States",Phoenix,AMER,NAMER,1964,1,18.75,5,9.00,0.00,0,1
1003,Allstate,Finance,SMB,"United States",Seattle,AMER,NAMER,803,1,35.10,6,10.18,0.00,0,1
1003,Allstate,Finance,Strategic,Canada,Toronto,AMER,NAMER,775,3,3768.88,24,1109.26,0.20,959,1
1003,Allstate,Finance,Strategic,France,Lyon,EMEA,EU-WEST,1408,1,15.01,2,1.50,0.20,0,1
1003,Allstate,Finance,Strategic,Germany,Berlin,EMEA,EU-WEST,839,1,113.57,2,-21.29,0.20,0,1
1003,Allstate,Finance,Strategic,Germany,Hamburg,EMEA,EU-WEST,1373,1,1361.64,14,-1044.46,1.40,0,1
1003,Allstate,Finance,Strategic,Germany,Nuremberg,EMEA,EU-WEST,873,1,64.38,1,8.05,0.20,0,1
1003,Allstate,Finance,Strategic,Ireland,Dublin,EMEA,UKIR,736,1,13.76,2,6.33,0.00,0,1
1003,Allstate,Finance,Strategic,Japan,Hyogo,APJ,JAPN,1156,1,22.15,15,-24.89,2.20,0,1
1003,Allstate,Finance,Strategic,Netherlands,Amsterdam,EMEA,EU-WEST,982,1,115.84,8,54.44,0.00,0,1
1003,Allstate,Finance,Strategic,Norway,Hordaland,EMEA,NOR,1177,1,111.96,2,54.86,0.00,0,1
1003,Allstate,Finance,Strategic,"Saudi Arabia",Riyadh,EMEA,MEA,1150,1,584.77,8,159.67,0.00,0,1
1003,Allstate,Finance,Strategic,"United Kingdom",Bristol,EMEA,UKIR,635,1,96.36,6,25.05,0.00,0,1
1003,Allstate,Finance,Strategic,"United Kingdom",London,EMEA,UKIR,749,5,5217.71,43,-628.73,1.40,1224,1
1003,Allstate,Finance,Strategic,"United Kingdom",Manchester,EMEA,UKIR,1650,1,90.88,1,15.15,0.10,0,1
1003,Allstate,Finance,Strategic,"United States","New York City",AMER,NAMER,1084,4,316.91,11,19.61,0.60,871,1
1003,Allstate,Finance,Strategic,"United States",Providence,AMER,NAMER,1380,1,14.28,7,6.71,0.00,0,1
1004,Amazon,Tech,SMB,Belgium,Brussels,EMEA,EU-WEST,1709,1,328.91,4,-166.13,0.70,0,1
1004,Amazon,Tech,SMB,Brazil,"São Paulo",AMER,LATAM,1053,1,133.54,9,44.14,0.00,0,1
1004,Amazon,Tech,SMB,Canada,Montreal,AMER,NAMER,703,1,562.65,7,76.26,0.20,0,1
1004,Amazon,Tech,SMB,Canada,Toronto,AMER,NAMER,743,3,222.68,17,70.63,0.20,952,1
1004,Amazon,Tech,SMB,Chile,Santiago,AMER,LATAM,1484,2,6.30,3,-0.39,0.90,390,1
1004,Amazon,Tech,SMB,China,Beijing,APJ,APAC,1000,1,89.97,3,25.19,0.00,0,1
1004,Amazon,Tech,SMB,"Czech Republic",Prague,EMEA,EU-EAST,1522,1,207.82,22,68.98,0.00,0,1
1004,Amazon,Tech,SMB,Finland,Helsinki,EMEA,NOR,1141,1,135.95,1,39.43,0.00,0,1
1004,Amazon,Tech,SMB,France,Nice,EMEA,EU-WEST,954,1,170.79,1,0.00,0.30,0,1
1004,Amazon,Tech,SMB,France,Paris,EMEA,EU-WEST,609,2,952.43,8,-435.91,1.10,8,1
1004,Amazon,Tech,SMB,Germany,Berlin,EMEA,EU-WEST,699,1,34.50,1,6.04,0.20,0,1
1004,Amazon,Tech,SMB,Germany,Hamburg,EMEA,EU-WEST,686,1,253.82,6,87.99,0.40,0,1
1004,Amazon,Tech,SMB,Germany,Munich,EMEA,EU-WEST,946,1,2.81,3,-1.97,0.70,0,1
1004,Amazon,Tech,SMB,Ireland,Dublin,EMEA,UKIR,1272,1,323.88,5,37.60,0.00,0,1
1004,Amazon,Tech,SMB,Japan,Aichi,APJ,JAPN,1822,1,30.96,8,-52.63,0.80,0,1
1004,Amazon,Tech,SMB,Japan,Fukuoka,APJ,JAPN,1351,1,30.26,7,-13.89,1.00,0,1
1004,Amazon,Tech,SMB,Japan,Tokyo,APJ,JAPN,652,3,679.16,15,-1.38,1.30,1337,1
1004,Amazon,Tech,SMB,Mexico,"Mexico City",AMER,LATAM,1812,1,199.26,25,67.70,0.80,0,1
1004,Amazon,Tech,SMB,"New Zealand",Auckland,APJ,ANZ,1581,1,12.88,1,0.39,0.00,0,1
1004,Amazon,Tech,SMB,"South Africa",Johannesburg,EMEA,MEA,1024,1,111.67,9,6.98,0.20,0,1
1004,Amazon,Tech,SMB,"South Korea",Seoul,APJ,APAC,1324,1,22.20,5,10.43,0.00,0,1
1004,Amazon,Tech,SMB,Spain,Barcelona,EMEA,EU-WEST,1515,1,510.88,5,77.98,0.00,0,1
1004,Amazon,Tech,SMB,Spain,Madrid,EMEA,EU-WEST,1216,1,448.81,10,124.51,0.00,0,1
1004,Amazon,Tech,SMB,Spain,Valencia,EMEA,EU-WEST,1515,1,535.59,7,172.85,0.00,0,1
1004,Amazon,Tech,SMB,"United Kingdom",London,EMEA,UKIR,1422,1,279.86,14,134.33,0.00,0,1
1004,Amazon,Tech,SMB,"United States",Anaheim,AMER,NAMER,1367,1,723.16,13,-23.26,0.40,0,1
1004,Amazon,Tech,SMB,"United States",Indianapolis,AMER,NAMER,708,1,284.98,12,52.33,0.20,0,1
1004,Amazon,Tech,SMB,"United States","Los Angeles",AMER,NAMER,611,7,7036.39,107,880.46,2.20,1425,1
1004,Amazon,Tech,SMB,"United States","New York City",AMER,NAMER,955,2,1500.95,21,473.84,0.40,56,1
1004,Amazon,Tech,SMB,"United States",Phoenix,AMER,NAMER,1771,1,99.98,2,34.99,0.00,0,1
1004,Amazon,Tech,Strategic,Australia,Melbourne,APJ,ANZ,1051,1,442.37,7,-729.91,0.80,0,1
1004,Amazon,Tech,Strategic,Australia,Sydney,APJ,ANZ,786,1,5.94,7,-8.90,0.80,0,1
1004,Amazon,Tech,Strategic,Germany,Berlin,EMEA,EU-WEST,1184,1,191.01,29,-37.61,2.90,0,1
1004,Amazon,Tech,Strategic,Germany,Frankfurt,EMEA,EU-WEST,1094,1,562.29,7,-255.59,0.50,0,1
1004,Amazon,Tech,Strategic,Germany,Hamburg,EMEA,EU-WEST,617,1,47.96,5,4.20,0.20,0,1
1004,Amazon,Tech,Strategic,Italy,Rome,EMEA,EU,1727,1,392.94,3,43.22,0.00,0,1
1004,Amazon,Tech,Strategic,Japan,Aichi,APJ,JAPN,1013,1,111.67,9,6.98,0.20,0,1
1004,Amazon,Tech,Strategic,Japan,Osaka,APJ,JAPN,1316,1,376.64,10,2.10,0.60,0,1
1004,Amazon,Tech,Strategic,Mexico,Cancun,AMER,LATAM,1672,1,389.44,13,-58.13,1.60,0,1
1004,Amazon,Tech,Strategic,Mexico,Guadalajara,AMER,LATAM,610,1,94.79,4,14.15,0.40,0,1
1004,Amazon,Tech,Strategic,Russia,Moscow,EMEA,EU-EAST,1332,1,6.85,2,0.60,0.20,0,1
1004,Amazon,Tech,Strategic,"Saudi Arabia",Dhahran,EMEA,MEA,1024,1,1179.27,17,311.35,0.00,0,1
1004,Amazon,Tech,Strategic,"Saudi Arabia",Riyadh,EMEA,MEA,1849,1,455.23,6,100.99,0.30,0,1
1004,Amazon,Tech,Strategic,"South Korea",Seoul,APJ,APAC,1778,1,46.26,3,12.49,0.00,0,1
1004,Amazon,Tech,Strategic,"United Kingdom",London,EMEA,UKIR,1210,1,13.83,4,3.88,0.00,0,1
1004,Amazon,Tech,Strategic,"United States",Nashville,AMER,NAMER,792,1,14.70,7,4.12,0.00,0,1
1004,Amazon,Tech,Strategic,"United States","New York City",AMER,NAMER,746,2,2393.66,15,812.05,0.20,129,1
1004,Amazon,Tech,Strategic,"United States","San Francisco",AMER,NAMER,602,1,495.30,5,128.77,0.00,0,1
1004,Amazon,Tech,Strategic,"United States",Seattle,AMER,NAMER,728,1,36.02,3,11.71,0.20,0,1
1005,"American Express",Finance,SMB,Argentina,"Buenos Aires",AMER,LATAM,1877,1,1326.69,9,358.28,0.00,0,1
1005,"American Express",Finance,SMB,Australia,Brisbane,APJ,ANZ,605,1,457.17,18,-299.66,1.60,0,1
1005,"American Express",Finance,SMB,Australia,Sydney,APJ,ANZ,695,2,341.48,12,12.81,0.80,672,1
1005,"American Express",Finance,SMB,Canada,Toronto,AMER,NAMER,686,3,2375.34,26,516.30,0.20,1303,1
1005,"American Express",Finance,SMB,Chile,Antofagasta,AMER,LATAM,1715,1,150.23,11,-13.01,0.40,0,1
1005,"American Express",Finance,SMB,Chile,Santiago,AMER,LATAM,1854,1,55.92,5,6.29,0.20,0,1
1005,"American Express",Finance,SMB,Finland,Helsinki,EMEA,NOR,1276,1,1366.04,10,183.00,0.00,0,1
1005,"American Express",Finance,SMB,France,Paris,EMEA,EU-WEST,708,3,285.95,13,65.27,0.80,1085,1
1005,"American Express",Finance,SMB,Germany,Hamburg,EMEA,EU-WEST,1703,1,23.47,3,7.63,0.20,0,1
1005,"American Express",Finance,SMB,India,Delhi,APJ,IND,1483,1,1238.33,25,279.56,0.00,0,1
1005,"American Express",Finance,SMB,Japan,Chiba,APJ,JAPN,1245,1,392.05,13,4.05,0.70,0,1
1005,"American Express",Finance,SMB,Japan,Tokyo,APJ,JAPN,1123,1,219.84,5,79.69,0.20,0,1
1005,"American Express",Finance,SMB,Mexico,Cancun,AMER,LATAM,1951,1,172.11,1,-94.66,0.40,0,1
1005,"American Express",Finance,SMB,Mexico,Toluca,AMER,LATAM,700,1,296.96,6,-47.51,0.60,0,1
1005,"American Express",Finance,SMB,Russia,"Nizhny Novogorod",EMEA,EU-EAST,658,1,582.31,8,-31.49,0.90,0,1
1005,"American Express",Finance,SMB,"South Africa",Johannesburg,EMEA,MEA,1241,1,871.80,3,87.18,0.20,0,1
1005,"American Express",Finance,SMB,"South Korea",Incheon,APJ,APAC,1161,1,714.30,5,207.15,0.00,0,1
1005,"American Express",Finance,SMB,"South Korea",Seoul,APJ,APAC,1372,1,11.65,5,3.38,0.00,0,1
1005,"American Express",Finance,SMB,"United Kingdom",Liverpool,EMEA,UKIR,1399,1,209.67,1,-13.98,0.40,0,1
1005,"American Express",Finance,SMB,"United Kingdom",London,EMEA,UKIR,691,6,1757.65,45,534.44,0.40,1177,1
1005,"American Express",Finance,SMB,"United States",Burlington,AMER,NAMER,1211,1,257.50,3,24.24,0.20,0,1
1005,"American Express",Finance,SMB,"United States",Chicago,AMER,NAMER,1338,1,526.88,5,115.35,0.00,0,1
1005,"American Express",Finance,SMB,"United States",Indianapolis,AMER,NAMER,1486,1,195.47,2,-13.80,0.20,0,1
1005,"American Express",Finance,SMB,"United States",Milwaukee,AMER,NAMER,896,1,380.14,8,48.34,0.20,0,1
1005,"American Express",Finance,SMB,"United States","New York City",AMER,NAMER,698,3,1004.62,23,196.88,0.40,973,1
1005,"American Express",Finance,Strategic,Argentina,"Buenos Aires",AMER,LATAM,958,1,239.43,4,32.97,0.00,0,1
1005,"American Express",Finance,Strategic,Australia,Hobart,APJ,ANZ,604,1,10.19,7,1.02,0.20,0,1
1005,"American Express",Finance,Strategic,Australia,Sydney,APJ,ANZ,1003,1,143.96,6,-0.86,0.50,0,1
1005,"American Express",Finance,Strategic,Brazil,"Rio de Janeiro",AMER,LATAM,989,1,1745.91,18,400.11,0.00,0,1
1005,"American Express",Finance,Strategic,Canada,Toronto,AMER,NAMER,869,2,122.30,7,32.72,0.00,545,1
1005,"American Express",Finance,Strategic,China,Guangzhou,APJ,APAC,729,1,2017.32,13,438.41,0.00,0,1
1005,"American Express",Finance,Strategic,Finland,Espoo,EMEA,NOR,692,1,997.83,35,349.19,0.00,0,1
1005,"American Express",Finance,Strategic,Finland,Helsinki,EMEA,NOR,863,1,3098.61,10,1488.03,0.00,0,1
1005,"American Express",Finance,Strategic,France,Paris,EMEA,EU-WEST,1134,2,206.29,7,19.17,0.40,52,1
1005,"American Express",Finance,Strategic,Germany,Frankfurt,EMEA,EU-WEST,1522,1,3165.74,25,-129.59,2.60,0,1
1005,"American Express",Finance,Strategic,Germany,Nuremberg,EMEA,EU-WEST,833,1,26.06,11,6.96,0.40,0,1
1005,"American Express",Finance,Strategic,Germany,Stuttgart,EMEA,EU-WEST,638,1,1158.12,5,130.29,0.20,0,1
1005,"American Express",Finance,Strategic,Greece,Athens,EMEA,EU-EAST,959,2,313.94,13,33.74,0.00,803,1
1005,"American Express",Finance,Strategic,Ireland,Cork,EMEA,UKIR,1979,1,767.69,8,216.96,0.00,0,1
1005,"American Express",Finance,Strategic,Italy,Milan,EMEA,EU,688,1,438.01,21,158.29,0.00,0,1
1005,"American Express",Finance,Strategic,Japan,Saitama,APJ,JAPN,1359,1,39.61,12,-82.60,2.60,0,1
1005,"American Express",Finance,Strategic,Japan,Sapporo,APJ,JAPN,1722,1,46.09,12,-88.04,1.60,0,1
1005,"American Express",Finance,Strategic,Japan,Tokyo,APJ,JAPN,695,1,31.87,8,11.55,0.20,0,1
1005,"American Express",Finance,Strategic,Mexico,"Puerto Vallarta",AMER,LATAM,834,1,1048.35,5,-69.89,0.40,0,1
1005,"American Express",Finance,Strategic,Norway,Hordaland,EMEA,NOR,663,1,62.92,4,15.71,0.00,0,1
1005,"American Express",Finance,Strategic,Poland,Krakow,EMEA,EU-WEST,1528,1,10.56,2,4.75,0.00,0,1
1005,"American Express",Finance,Strategic,"Saudi Arabia",Dhahran,EMEA,MEA,596,2,230.11,10,60.36,0.00,476,1
1005,"American Express",Finance,Strategic,Sweden,Malmö,EMEA,NOR,1055,1,115.48,3,-10.00,0.40,0,1
1005,"American Express",Finance,Strategic,"United Kingdom",Belfast,EMEA,UKIR,1979,1,14.94,3,7.02,0.00,0,1
1005,"American Express",Finance,Strategic,"United States",Indianapolis,AMER,NAMER,1218,1,36.16,7,14.34,0.20,0,1
1005,"American Express",Finance,Strategic,"United States","New York City",AMER,NAMER,637,4,311.54,17,47.09,0.60,1248,1
1005,"American Express",Finance,Strategic,"United States","San Diego",AMER,NAMER,617,1,1378.95,15,80.44,0.40,0,1
1005,"American Express",Finance,Strategic,"United States",Seattle,AMER,NAMER,640,1,523.39,3,52.34,0.20,0,1
1006,Aviva,Finance,SMB,Australia,Melbourne,APJ,ANZ,1149,2,2144.66,12,-370.23,1.70,140,1
1006,Aviva,Finance,SMB,Brazil,"São Paulo",AMER,LATAM,1722,1,14.67,3,6.75,0.00,0,1
1006,Aviva,Finance,SMB,Canada,Quebec,AMER,NAMER,1906,1,12.96,2,6.22,0.00,0,1
1006,Aviva,Finance,SMB,China,Beijing,APJ,APAC,1072,1,430.94,15,68.68,0.00,0,1
1006,Aviva,Finance,SMB,Finland,Helsinki,EMEA,NOR,2034,1,149.95,5,65.98,0.00,0,1
1006,Aviva,Finance,SMB,France,Lyon,EMEA,EU-WEST,873,1,8.86,3,2.88,0.20,0,1
1006,Aviva,Finance,SMB,France,Paris,EMEA,EU-WEST,938,1,1958.54,9,316.55,0.40,0,1
1006,Aviva,Finance,SMB,Germany,Stuttgart,EMEA,EU-WEST,987,1,447.78,8,-99.75,0.70,0,1
1006,Aviva,Finance,SMB,India,Delhi,APJ,IND,610,1,43.85,10,20.49,0.00,0,1
1006,Aviva,Finance,SMB,India,Mumbai,APJ,IND,873,1,283.18,6,135.98,0.00,0,1
1006,Aviva,Finance,SMB,Japan,Tokyo,APJ,JAPN,994,1,151.19,1,13.23,0.20,0,1
1006,Aviva,Finance,SMB,Mexico,"Mexico City",AMER,LATAM,738,1,16.52,5,5.37,0.20,0,1
1006,Aviva,Finance,SMB,Poland,Warsaw,EMEA,EU-WEST,700,1,808.92,30,125.31,0.00,0,1
1006,Aviva,Finance,SMB,Russia,Moscow,EMEA,EU-EAST,1240,1,72.29,1,-98.80,0.70,0,1
1006,Aviva,Finance,SMB,"Saudi Arabia",Jeddah,EMEA,MEA,708,2,300.78,13,142.18,0.00,708,1
1006,Aviva,Finance,SMB,"South Africa","Cape Town",EMEA,MEA,1197,1,377.34,6,-142.79,1.30,0,1
1006,Aviva,Finance,SMB,"South Korea",Busan,APJ,APAC,1079,1,122.22,18,55.87,0.00,0,1
1006,Aviva,Finance,SMB,"South Korea",Seoul,APJ,APAC,1079,1,427.56,7,110.02,0.30,0,1
1006,Aviva,Finance,SMB,Sweden,Stockholm,EMEA,NOR,1168,1,3.28,2,-2.63,0.70,0,1
1006,Aviva,Finance,SMB,"United Kingdom",Brighton,EMEA,UKIR,1150,1,655.09,25,102.28,0.30,0,1
1006,Aviva,Finance,SMB,"United Kingdom",London,EMEA,UKIR,1228,3,980.69,22,142.24,0.30,666,1
1006,Aviva,Finance,SMB,"United States",Houston,AMER,NAMER,1721,1,120.71,1,-18.11,0.20,0,1
1006,Aviva,Finance,SMB,"United States","Los Angeles",AMER,NAMER,1785,1,451.28,24,110.42,0.20,0,1
1006,Aviva,Finance,SMB,"United States",Miami,AMER,NAMER,1772,1,110.10,7,37.88,0.20,0,1
1006,Aviva,Finance,SMB,"United States","New York City",AMER,NAMER,668,3,1223.69,21,161.42,0.40,1235,1
1006,Aviva,Finance,Strategic,Canada,Toronto,AMER,NAMER,960,1,33.40,5,16.03,0.00,0,1
1006,Aviva,Finance,Strategic,Germany,Hamburg,EMEA,EU-WEST,1599,1,74.35,3,23.24,0.20,0,1
1006,Aviva,Finance,Strategic,Netherlands,Amsterdam,EMEA,EU-WEST,923,1,340.22,20,105.94,0.00,0,1
1006,Aviva,Finance,Strategic,"South Africa","Cape Town",EMEA,MEA,1515,1,670.01,11,59.04,1.10,0,1
1006,Aviva,Finance,Strategic,Sweden,Malmö,EMEA,NOR,1035,1,24.71,5,-7.11,0.90,0,1
1006,Aviva,Finance,Strategic,Sweden,Stockholm,EMEA,NOR,1315,1,959.97,4,120.00,0.20,0,1
1006,Aviva,Finance,Strategic,"United Kingdom",London,EMEA,UKIR,1267,1,405.30,10,110.98,0.00,0,1
1006,Aviva,Finance,Strategic,"United States",Columbia,AMER,NAMER,589,1,34.62,4,11.00,0.40,0,1
1006,Aviva,Finance,Strategic,"United States","Los Angeles",AMER,NAMER,661,2,218.67,20,86.73,0.20,1147,1
1006,Aviva,Finance,Strategic,"United States","New York City",AMER,NAMER,1090,2,785.24,7,51.10,0.40,191,1
1007,AmerisourceBergen,Healthcare,Enterprise,Australia,Melbourne,APJ,ANZ,1511,1,796.43,7,-525.64,0.50,0,1
1007,AmerisourceBergen,Healthcare,Enterprise,Germany,Stuttgart,EMEA,EU-WEST,705,1,147.18,2,-29.44,0.20,0,1
1007,AmerisourceBergen,Healthcare,Enterprise,Japan,Shizuoka,APJ,JAPN,1995,1,11.37,6,-4.52,1.00,0,1
1007,AmerisourceBergen,Healthcare,Enterprise,Spain,Barcelona,EMEA,EU-WEST,1419,1,80.38,7,26.59,0.00,0,1
1007,AmerisourceBergen,Healthcare,Enterprise,"United Kingdom",London,EMEA,UKIR,1067,1,207.48,1,62.24,0.00,0,1
1007,AmerisourceBergen,Healthcare,SMB,Australia,Sydney,APJ,ANZ,699,1,31.07,10,9.71,0.40,0,1
1007,AmerisourceBergen,Healthcare,SMB,Belgium,Brussels,EMEA,EU-WEST,1789,1,318.30,31,59.62,1.70,0,1
1007,AmerisourceBergen,Healthcare,SMB,Brazil,"São Paulo",AMER,LATAM,1074,1,477.50,21,114.65,0.10,0,1
1007,AmerisourceBergen,Healthcare,SMB,Canada,Toronto,AMER,NAMER,959,2,3186.33,21,900.40,0.40,576,1
1007,AmerisourceBergen,Healthcare,SMB,Chile,Antofagasta,AMER,LATAM,1592,1,87.80,5,32.93,0.20,0,1
1007,AmerisourceBergen,Healthcare,SMB,Chile,Santiago,AMER,LATAM,818,2,60.63,7,5.87,1.30,763,1
1007,AmerisourceBergen,Healthcare,SMB,France,Paris,EMEA,EU-WEST,609,4,6242.49,29,-1208.24,4.20,594,1
1007,AmerisourceBergen,Healthcare,SMB,Japan,Aichi,APJ,JAPN,595,2,791.54,21,39.37,1.40,395,1
1007,AmerisourceBergen,Healthcare,SMB,Japan,Kanagawa,APJ,JAPN,1032,1,362.35,18,-133.22,2.00,0,1
1007,AmerisourceBergen,Healthcare,SMB,Japan,Tokyo,APJ,JAPN,1388,3,251.36,16,-30.54,2.20,458,1
1007,AmerisourceBergen,Healthcare,SMB,Mexico,Cancun,AMER,LATAM,1721,1,1537.55,11,-240.73,0.60,0,1
1007,AmerisourceBergen,Healthcare,SMB,Mexico,Guadalajara,AMER,LATAM,892,1,18.53,4,-12.35,0.70,0,1
1007,AmerisourceBergen,Healthcare,SMB,Mexico,Tijuana,AMER,LATAM,615,2,100.05,5,25.17,0.40,101,1
1007,AmerisourceBergen,Healthcare,SMB,"New Zealand",Auckland,APJ,ANZ,1632,1,49.12,4,23.09,0.00,0,1
1007,AmerisourceBergen,Healthcare,SMB,Russia,Moscow,EMEA,EU-EAST,1552,1,201.58,2,20.16,0.20,0,1
1007,AmerisourceBergen,Healthcare,SMB,Russia,"St Petersburg",EMEA,EU-EAST,1129,1,725.08,16,53.88,1.80,0,1
1007,AmerisourceBergen,Healthcare,SMB,Spain,Madrid,EMEA,EU-WEST,1189,1,27.86,7,9.19,0.00,0,1
1007,AmerisourceBergen,Healthcare,SMB,Sweden,Gothenburg,EMEA,NOR,787,2,1421.22,20,126.67,1.00,310,1
1007,AmerisourceBergen,Healthcare,SMB,Sweden,Stockholm,EMEA,NOR,1073,1,1854.25,31,162.18,2.40,0,1
1007,AmerisourceBergen,Healthcare,SMB,"United Kingdom",Edinburgh,EMEA,UKIR,681,1,74.89,8,35.20,0.00,0,1
1007,AmerisourceBergen,Healthcare,SMB,"United Kingdom",London,EMEA,UKIR,959,2,2769.49,11,404.09,0.10,610,1
1007,AmerisourceBergen,Healthcare,SMB,"United States",Chicago,AMER,NAMER,679,1,413.79,20,91.34,0.60,0,1
1007,AmerisourceBergen,Healthcare,SMB,"United States","Los Angeles",AMER,NAMER,1473,3,1949.23,24,651.43,0.40,146,1
1007,AmerisourceBergen,Healthcare,SMB,"United States","New York City",AMER,NAMER,635,3,836.04,16,57.29,0.40,1098,1
1007,AmerisourceBergen,Healthcare,SMB,"United States",Newark,AMER,NAMER,1434,2,1137.42,13,-36.58,0.20,331,1
1007,AmerisourceBergen,Healthcare,SMB,"United States",Omaha,AMER,NAMER,703,1,161.57,2,-28.27,0.20,0,1
1007,AmerisourceBergen,Healthcare,SMB,"United States",Seattle,AMER,NAMER,1779,1,685.90,7,85.46,0.20,0,1
1007,AmerisourceBergen,Healthcare,SMB,"United States","Virginia Beach",AMER,NAMER,1805,1,53.94,3,15.64,0.00,0,1
1007,AmerisourceBergen,Healthcare,Strategic,Australia,Sydney,APJ,ANZ,1352,2,1516.30,25,167.68,1.40,547,1
1007,AmerisourceBergen,Healthcare,Strategic,Belgium,Brussels,EMEA,EU-WEST,1122,1,335.80,8,57.32,0.40,0,1
1007,AmerisourceBergen,Healthcare,Strategic,Belgium,Ghent,EMEA,EU-WEST,1235,1,403.17,4,25.20,0.20,0,1
1007,AmerisourceBergen,Healthcare,Strategic,China,Suzhou,APJ,APAC,805,1,152.59,5,46.18,0.00,0,1
1007,AmerisourceBergen,Healthcare,Strategic,France,Paris,EMEA,EU-WEST,712,1,9.41,7,0.71,0.20,0,1
1007,AmerisourceBergen,Healthcare,Strategic,Germany,Hamburg,EMEA,EU-WEST,776,1,287.42,9,-9.00,0.40,0,1
1007,AmerisourceBergen,Healthcare,Strategic,India,Delhi,APJ,IND,659,1,909.12,8,9.09,0.00,0,1
1007,AmerisourceBergen,Healthcare,Strategic,Japan,Hiroshima,APJ,JAPN,1713,1,114.78,17,-47.34,1.40,0,1
1007,AmerisourceBergen,Healthcare,Strategic,Japan,Tokyo,APJ,JAPN,1121,1,9.55,3,-3.82,0.60,0,1
1007,AmerisourceBergen,Healthcare,Strategic,Mexico,Monterrey,AMER,LATAM,592,1,177.64,6,-31.98,0.60,0,1
1007,AmerisourceBergen,Healthcare,Strategic,Portugal,Lisboa,EMEA,EU-WEST,988,1,3236.41,23,1556.70,0.00,0,1
1007,AmerisourceBergen,Healthcare,Strategic,"Saudi Arabia",Jeddah,EMEA,MEA,773,1,694.67,14,201.79,0.00,0,1
1007,AmerisourceBergen,Healthcare,Strategic,Sweden,Stockholm,EMEA,NOR,625,1,19.01,8,-12.67,0.70,0,1
1007,AmerisourceBergen,Healthcare,Strategic,"United Kingdom",London,EMEA,UKIR,1080,4,1327.42,33,554.02,0.20,336,1
1007,AmerisourceBergen,Healthcare,Strategic,"United States",Lafayette,AMER,NAMER,714,1,2971.79,26,926.35,0.60,0,1
1008,Apple,Tech,Enterprise,Australia,Adelaide,APJ,ANZ,1601,1,359.06,3,-35.91,0.30,0,1
1008,Apple,Tech,Enterprise,Australia,Melbourne,APJ,ANZ,1554,1,107.75,7,-187.94,1.00,0,1
1008,Apple,Tech,Enterprise,Brazil,"São Paulo",AMER,LATAM,1443,1,246.50,9,47.08,0.00,0,1
1008,Apple,Tech,Enterprise,France,Paris,EMEA,EU-WEST,1130,2,101.87,16,-19.00,2.20,44,1
1008,Apple,Tech,Enterprise,India,Mumbai,APJ,IND,1046,1,40.88,7,10.63,0.00,0,1
1008,Apple,Tech,Enterprise,Israel,"Tel Aviv",EMEA,EU-EAST,1024,1,4685.08,12,1691.31,0.20,0,1
1008,Apple,Tech,Enterprise,Italy,Rome,EMEA,EU,952,1,3.60,2,1.73,0.00,0,1
1008,Apple,Tech,Enterprise,Mexico,Tijuana,AMER,LATAM,1535,1,85.06,3,28.71,0.20,0,1
1008,Apple,Tech,Enterprise,Portugal,Porto,EMEA,EU-WEST,947,1,33.74,7,15.52,0.00,0,1
1008,Apple,Tech,Enterprise,"South Africa",Johannesburg,EMEA,MEA,1694,1,18.24,2,-14.59,0.70,0,1
1008,Apple,Tech,Enterprise,"United States","Los Angeles",AMER,NAMER,1798,1,75.64,8,30.52,0.00,0,1
1008,Apple,Tech,Enterprise,"United States","New York City",AMER,NAMER,1445,3,1494.26,20,212.37,0.80,418,1
1008,Apple,Tech,SMB,Australia,Sydney,APJ,ANZ,1617,1,8.57,3,-14.57,0.80,0,1
1008,Apple,Tech,SMB,Canada,Toronto,AMER,NAMER,1492,1,128.32,6,47.91,0.20,0,1
1008,Apple,Tech,SMB,Chile,Santiago,AMER,LATAM,794,1,197.30,11,-44.43,1.10,0,1
1008,Apple,Tech,SMB,China,Beijing,APJ,APAC,1041,1,239.37,2,-23.94,0.30,0,1
1008,Apple,Tech,SMB,"Czech Republic",Prague,EMEA,EU-EAST,1930,1,69.90,5,21.60,0.00,0,1
1008,Apple,Tech,SMB,Finland,Espoo,EMEA,NOR,1650,1,74.52,9,35.02,0.00,0,1
1008,Apple,Tech,SMB,Finland,Helsinki,EMEA,NOR,814,1,2361.52,23,617.57,0.00,0,1
1008,Apple,Tech,SMB,France,Paris,EMEA,EU-WEST,1419,2,675.99,9,-3.47,1.10,9,1
1008,Apple,Tech,SMB,Germany,Dresden,EMEA,EU-WEST,919,1,119.18,5,37.76,0.90,0,1
1008,Apple,Tech,SMB,Germany,Frankfurt,EMEA,EU-WEST,1014,1,32.06,6,11.22,0.20,0,1
1008,Apple,Tech,SMB,Japan,Aichi,APJ,JAPN,643,2,182.92,5,-29.98,0.60,140,1
1008,Apple,Tech,SMB,Japan,Kanagawa,APJ,JAPN,2040,1,40.54,5,10.92,0.40,0,1
1008,Apple,Tech,SMB,Japan,Shizuoka,APJ,JAPN,1989,1,574.19,20,-61.15,1.30,0,1
1008,Apple,Tech,SMB,Japan,Tokyo,APJ,JAPN,627,3,382.09,19,99.14,1.40,422,1
1008,Apple,Tech,SMB,"Saudi Arabia",Jeddah,EMEA,MEA,881,1,523.16,8,148.86,0.00,0,1
1008,Apple,Tech,SMB,Spain,Zaragoza,EMEA,EU-WEST,1889,1,1441.30,7,245.02,0.00,0,1
1008,Apple,Tech,SMB,Sweden,Gothenburg,EMEA,NOR,619,1,2165.66,10,-571.69,0.60,0,1
1008,Apple,Tech,SMB,Taiwan,Taipei,APJ,APAC,693,1,89.97,3,37.79,0.00,0,1
1008,Apple,Tech,SMB,"United Kingdom",Liverpool,EMEA,UKIR,1480,1,10.51,3,3.68,0.20,0,1
1008,Apple,Tech,SMB,"United Kingdom",London,EMEA,UKIR,635,3,387.94,19,11.33,0.80,813,1
1008,Apple,Tech,SMB,"United States",Houston,AMER,NAMER,955,1,41.99,3,11.34,0.00,0,1
1008,Apple,Tech,SMB,"United States","New York City",AMER,NAMER,1343,1,79.92,4,28.77,0.00,0,1
1008,Apple,Tech,Strategic,Belgium,Brussels,EMEA,EU-WEST,1385,1,1215.26,31,-56.34,1.50,0,1
1008,Apple,Tech,Strategic,Norway,Oslo,EMEA,NOR,1541,1,51.45,3,13.89,0.00,0,1
1008,Apple,Tech,Strategic,Spain,Barcelona,EMEA,EU-WEST,1969,1,3769.56,22,1038.57,0.00,0,1
1008,Apple,Tech,Strategic,"United States",Columbus,AMER,NAMER,1343,1,12.96,2,6.22,0.00,0,1
1008,Apple,Tech,Strategic,"United States","Los Angeles",AMER,NAMER,591,1,725.84,4,210.49,0.00,0,1
1008,Apple,Tech,Strategic,"United States","New York City",AMER,NAMER,787,2,215.72,7,14.68,0.40,338,1
1009,"Ford Motor",Manufacturing,Enterprise,Australia,Melbourne,APJ,ANZ,1137,1,50.12,7,-0.63,0.20,0,1
1009,"Ford Motor",Manufacturing,Enterprise,Belgium,Brussels,EMEA,EU-WEST,684,2,612.65,26,-298.14,2.40,282,1
1009,"Ford Motor",Manufacturing,Enterprise,Canada,Vancouver,AMER,NAMER,1983,1,107.65,2,33.64,0.20,0,1
1009,"Ford Motor",Manufacturing,Enterprise,Chile,Santiago,AMER,LATAM,1850,1,259.14,4,-25.91,0.20,0,1
1009,"Ford Motor",Manufacturing,Enterprise,Germany,Berlin,EMEA,EU-WEST,1596,1,1166.92,5,131.28,0.20,0,1
1009,"Ford Motor",Manufacturing,Enterprise,India,Delhi,APJ,IND,1344,1,999.98,2,449.99,0.00,0,1
1009,"Ford Motor",Manufacturing,Enterprise,Ireland,Dublin,EMEA,UKIR,724,1,201.09,9,58.20,0.00,0,1
1009,"Ford Motor",Manufacturing,Enterprise,Japan,Aichi,APJ,JAPN,649,1,5.25,2,0.59,0.20,0,1
1009,"Ford Motor",Manufacturing,Enterprise,Japan,Tokyo,APJ,JAPN,770,2,210.76,15,-15.18,1.80,720,1
1009,"Ford Motor",Manufacturing,Enterprise,Mexico,"Cabo San Lucas",AMER,LATAM,1053,1,63.97,2,19.99,0.20,0,1
1009,"Ford Motor",Manufacturing,Enterprise,Singapore,Singapore,APJ,APAC,659,1,1702.03,9,437.29,0.00,0,1
1009,"Ford Motor",Manufacturing,Enterprise,Sweden,Malmö,EMEA,NOR,1409,1,7.38,5,-5.41,0.70,0,1
1009,"Ford Motor",Manufacturing,Enterprise,Sweden,Uppsala,EMEA,NOR,1773,1,67.76,5,5.08,0.40,0,1
1009,"Ford Motor",Manufacturing,Enterprise,"United Kingdom",London,EMEA,UKIR,974,2,72.51,4,20.28,0.00,811,1
1009,"Ford Motor",Manufacturing,Enterprise,"United Kingdom",Manchester,EMEA,UKIR,995,1,34.99,9,11.43,0.20,0,1
1009,"Ford Motor",Manufacturing,Enterprise,"United States","Los Angeles",AMER,NAMER,855,2,455.04,12,217.68,0.00,684,1
1009,"Ford Motor",Manufacturing,SMB,Argentina,"Buenos Aires",AMER,LATAM,834,1,4.91,1,2.41,0.00,0,1
1009,"Ford Motor",Manufacturing,SMB,Brazil,"São Paulo",AMER,LATAM,1980,1,22.38,2,10.74,0.00,0,1
1009,"Ford Motor",Manufacturing,SMB,Canada,Toronto,AMER,NAMER,595,5,5983.70,53,1220.37,0.60,1286,1
1009,"Ford Motor",Manufacturing,SMB,Chile,Santiago,AMER,LATAM,1344,1,757.70,31,68.65,1.00,0,1
1009,"Ford Motor",Manufacturing,SMB,China,Beijing,APJ,APAC,742,1,89.95,5,43.18,0.00,0,1
1009,"Ford Motor",Manufacturing,SMB,Colombia,Bogotá,AMER,LATAM,1136,1,85.50,6,40.75,0.00,0,1
1009,"Ford Motor",Manufacturing,SMB,Finland,Helsinki,EMEA,NOR,689,1,80.48,1,24.14,0.00,0,1
1009,"Ford Motor",Manufacturing,SMB,France,Nice,EMEA,EU-WEST,1742,1,286.34,3,-64.43,0.20,0,1
1009,"Ford Motor",Manufacturing,SMB,France,Paris,EMEA,EU-WEST,1221,3,1880.61,13,249.81,1.00,700,1
1009,"Ford Motor",Manufacturing,SMB,Germany,Berlin,EMEA,EU-WEST,1339,1,12.83,2,-8.98,0.70,0,1
1009,"Ford Motor",Manufacturing,SMB,Germany,Cologne,EMEA,EU-WEST,1975,1,370.79,14,33.61,2.00,0,1
1009,"Ford Motor",Manufacturing,SMB,Ireland,Dublin,EMEA,UKIR,667,2,1926.50,11,861.98,0.00,41,1
1009,"Ford Motor",Manufacturing,SMB,Japan,Aichi,APJ,JAPN,626,2,400.63,6,13.58,0.50,177,1
1009,"Ford Motor",Manufacturing,SMB,Japan,Chiba,APJ,JAPN,694,1,73.56,3,11.97,0.40,0,1
1009,"Ford Motor",Manufacturing,SMB,Japan,Tokyo,APJ,JAPN,1004,2,1300.83,17,68.60,0.70,61,1
1009,"Ford Motor",Manufacturing,SMB,Mexico,"Mexico City",AMER,LATAM,1818,1,85.96,6,-57.71,0.90,0,1
1009,"Ford Motor",Manufacturing,SMB,Mexico,Tijuana,AMER,LATAM,781,1,59.18,11,-31.92,0.90,0,1
1009,"Ford Motor",Manufacturing,SMB,Russia,Moscow,EMEA,EU-EAST,1980,1,719.58,7,-6.55,0.40,0,1
1009,"Ford Motor",Manufacturing,SMB,"South Africa",Johannesburg,EMEA,MEA,1268,1,16.50,2,5.57,0.20,0,1
1009,"Ford Motor",Manufacturing,SMB,"South Korea",Daegu,APJ,APAC,983,1,249.09,8,84.77,0.00,0,1
1009,"Ford Motor",Manufacturing,SMB,"South Korea",Seoul,APJ,APAC,983,2,1968.02,9,120.57,0.60,934,1
1009,"Ford Motor",Manufacturing,SMB,Spain,Barcelona,EMEA,EU-WEST,1596,1,5.56,2,1.45,0.00,0,1
1009,"Ford Motor",Manufacturing,SMB,Spain,Murcia,EMEA,EU-WEST,1864,1,37.44,8,18.56,0.00,0,1
1009,"Ford Motor",Manufacturing,SMB,Ukraine,Kharkiv,EMEA,EU-EAST,819,1,48.69,9,23.86,0.00,0,1
1009,"Ford Motor",Manufacturing,SMB,Ukraine,Kyiv,EMEA,EU-EAST,619,1,173.80,5,43.45,0.00,0,1
1009,"Ford Motor",Manufacturing,SMB,"United Kingdom",Liverpool,EMEA,UKIR,918,2,665.53,16,206.28,0.20,618,1
1009,"Ford Motor",Manufacturing,SMB,"United Kingdom",London,EMEA,UKIR,628,5,1743.30,26,479.94,0.60,1090,1
1009,"Ford Motor",Manufacturing,SMB,"United Kingdom",Manchester,EMEA,UKIR,1380,1,82.74,4,36.70,0.00,0,1
1009,"Ford Motor",Manufacturing,SMB,"United States",Atlanta,AMER,NAMER,706,1,421.10,2,105.28,0.00,0,1
1009,"Ford Motor",Manufacturing,SMB,"United States",Detroit,AMER,NAMER,1370,1,79.90,2,35.16,0.00,0,1
1009,"Ford Motor",Manufacturing,SMB,"United States",Lakewood,AMER,NAMER,1765,1,7.64,1,3.74,0.00,0,1
1009,"Ford Motor",Manufacturing,SMB,"United States","Los Angeles",AMER,NAMER,710,3,803.15,11,98.24,0.20,1006,1
1009,"Ford Motor",Manufacturing,SMB,"United States","New York City",AMER,NAMER,721,2,86.73,7,29.47,0.00,421,1
1009,"Ford Motor",Manufacturing,SMB,"United States",Newark,AMER,NAMER,840,1,183.38,15,64.70,0.20,0,1
1009,"Ford Motor",Manufacturing,SMB,"United States",Omaha,AMER,NAMER,639,1,111.79,7,43.60,0.00,0,1
1009,"Ford Motor",Manufacturing,SMB,"United States","San Francisco",AMER,NAMER,886,1,174.56,7,65.07,0.20,0,1
1009,"Ford Motor",Manufacturing,SMB,"United States",Seattle,AMER,NAMER,633,3,2884.41,37,161.96,0.80,1354,1
1009,"Ford Motor",Manufacturing,Strategic,Australia,Sydney,APJ,ANZ,612,1,1889.99,5,-2929.48,0.80,0,1
1009,"Ford Motor",Manufacturing,Strategic,Canada,Toronto,AMER,NAMER,639,1,26.35,3,9.55,0.20,0,1
1009,"Ford Motor",Manufacturing,Strategic,Chile,"Puente Alto",AMER,LATAM,637,1,62.35,6,-10.91,0.20,0,1
1009,"Ford Motor",Manufacturing,Strategic,Chile,Santiago,AMER,LATAM,610,1,432.41,8,136.82,0.90,0,1
1009,"Ford Motor",Manufacturing,Strategic,France,Paris,EMEA,EU-WEST,825,2,152.65,5,-41.81,1.00,718,1
1009,"Ford Motor",Manufacturing,Strategic,Ireland,Cork,EMEA,UKIR,1451,1,53.28,15,18.24,0.00,0,1
1009,"Ford Motor",Manufacturing,Strategic,Japan,Aichi,APJ,JAPN,985,1,58.42,2,16.79,0.20,0,1
1009,"Ford Motor",Manufacturing,Strategic,Japan,Sapporo,APJ,JAPN,1780,1,0.88,1,-1.40,0.80,0,1
1009,"Ford Motor",Manufacturing,Strategic,Mexico,"Mexico City",AMER,LATAM,645,1,265.07,7,-49.92,0.40,0,1
1009,"Ford Motor",Manufacturing,Strategic,Norway,Oslo,EMEA,NOR,698,1,91.14,10,44.66,0.00,0,1
1009,"Ford Motor",Manufacturing,Strategic,Russia,"St Petersburg",EMEA,EU-EAST,1342,1,15.70,3,5.10,0.20,0,1
1009,"Ford Motor",Manufacturing,Strategic,"South Africa",Johannesburg,EMEA,MEA,646,1,15.99,1,1.00,0.20,0,1
1009,"Ford Motor",Manufacturing,Strategic,"South Korea",Daegu,APJ,APAC,595,1,31.74,8,15.48,0.00,0,1
1009,"Ford Motor",Manufacturing,Strategic,Spain,Barcelona,EMEA,EU-WEST,1817,1,1417.35,16,575.92,0.00,0,1
1009,"Ford Motor",Manufacturing,Strategic,Ukraine,Kharkiv,EMEA,EU-EAST,1295,1,31.36,4,15.68,0.00,0,1
1009,"Ford Motor",Manufacturing,Strategic,"United Arab Emirates","Abu Dhabi",EMEA,MEA,1820,1,484.79,20,187.74,0.00,0,1
1009,"Ford Motor",Manufacturing,Strategic,"United Kingdom",London,EMEA,UKIR,911,1,20.70,2,9.94,0.00,0,1
1009,"Ford Motor",Manufacturing,Strategic,"United States","Los Angeles",AMER,NAMER,833,4,6457.81,38,626.15,0.80,1012,1
1009,"Ford Motor",Manufacturing,Strategic,"United States","New York City",AMER,NAMER,863,3,871.40,24,128.48,0.00,428,1
1009,"Ford Motor",Manufacturing,Strategic,"United States",Seattle,AMER,NAMER,1080,2,1611.70,6,104.05,0.20,706,1
1010,AT&T,Communications,Enterprise,Canada,Ottawa,AMER,NAMER,1001,1,44.02,2,11.45,0.00,0,1
1010,AT&T,Communications,Enterprise,France,Paris,EMEA,EU-WEST,961,3,2941.93,18,-1179.05,1.90,626,1
1010,AT&T,Communications,Enterprise,Ireland,Dublin,EMEA,UKIR,625,1,1446.84,13,376.84,0.00,0,1
1010,AT&T,Communications,Enterprise,Japan,Hiroshima,APJ,JAPN,645,1,65.84,15,-34.46,2.60,0,1
1010,AT&T,Communications,Enterprise,"South Korea",Busan,APJ,APAC,769,1,283.46,12,104.74,0.00,0,1
1010,AT&T,Communications,Enterprise,"United States",Indianapolis,AMER,NAMER,1160,1,9.51,2,3.87,0.20,0,1
1010,AT&T,Communications,Enterprise,"United States","Los Angeles",AMER,NAMER,643,2,208.95,23,93.03,0.00,1312,1
1010,AT&T,Communications,Enterprise,"United States",Raleigh,AMER,NAMER,1811,1,176.80,8,22.98,0.00,0,1
1010,AT&T,Communications,SMB,Argentina,Rosario,AMER,LATAM,608,1,798.93,14,355.88,0.00,0,1
1010,AT&T,Communications,SMB,Canada,Toronto,AMER,NAMER,974,1,422.66,18,151.24,0.20,0,1
1010,AT&T,Communications,SMB,Colombia,Cali,AMER,LATAM,1752,1,11.85,3,3.79,0.00,0,1
1010,AT&T,Communications,SMB,"Czech Republic",Prague,EMEA,EU-EAST,1576,1,106.50,6,41.54,0.00,0,1
1010,AT&T,Communications,SMB,Finland,Helsinki,EMEA,NOR,1212,1,12.84,3,3.72,0.00,0,1
1010,AT&T,Communications,SMB,Germany,Leipzig,EMEA,EU-WEST,707,1,24.45,4,8.86,0.20,0,1
1010,AT&T,Communications,SMB,Ireland,Dublin,EMEA,UKIR,598,2,974.77,20,211.31,0.00,413,1
1010,AT&T,Communications,SMB,Japan,Tokyo,APJ,JAPN,1501,1,32.78,4,-85.24,0.80,0,1
1010,AT&T,Communications,SMB,Mexico,"Mexico City",AMER,LATAM,1766,2,212.17,9,-73.30,1.60,5,1
1010,AT&T,Communications,SMB,Poland,Warsaw,EMEA,EU-WEST,1465,2,353.13,14,90.73,0.00,256,1
1010,AT&T,Communications,SMB,Russia,Moscow,EMEA,EU-EAST,1814,1,424.37,31,98.59,1.20,0,1
1010,AT&T,Communications,SMB,Russia,"Nizhny Novogorod",EMEA,EU-EAST,687,1,228.57,4,-240.18,0.90,0,1
1010,AT&T,Communications,SMB,"South Africa",Johannesburg,EMEA,MEA,1776,1,69.22,6,11.25,0.20,0,1
1010,AT&T,Communications,SMB,Spain,Barcelona,EMEA,EU-WEST,630,1,22.96,7,6.66,0.00,0,1
1010,AT&T,Communications,SMB,"United Kingdom",London,EMEA,UKIR,1345,1,419.73,10,102.36,0.30,0,1
1010,AT&T,Communications,SMB,"United States",Aurora,AMER,NAMER,1979,1,7.98,3,2.07,0.00,0,1
1010,AT&T,Communications,SMB,"United States","Los Angeles",AMER,NAMER,1360,1,32.04,3,8.01,0.00,0,1
1010,AT&T,Communications,SMB,"United States","New York City",AMER,NAMER,836,4,2567.74,35,473.91,0.80,941,1
1010,AT&T,Communications,SMB,"United States",Seattle,AMER,NAMER,1596,1,295.68,15,134.81,0.00,0,1
1010,AT&T,Communications,Strategic,Australia,Sydney,APJ,ANZ,1365,2,278.89,19,-10.63,1.80,335,1
1010,AT&T,Communications,Strategic,Brazil,"Rio de Janeiro",AMER,LATAM,1340,1,1000.43,7,235.84,0.00,0,1
1010,AT&T,Communications,Strategic,France,Paris,EMEA,EU-WEST,728,5,1505.58,47,-427.65,4.70,959,1
1010,AT&T,Communications,Strategic,Germany,Berlin,EMEA,EU-WEST,682,1,10.37,2,3.63,0.20,0,1
1010,AT&T,Communications,Strategic,Greece,Athens,EMEA,EU-EAST,1637,1,35.88,6,16.15,0.00,0,1
1010,AT&T,Communications,Strategic,Japan,Aichi,APJ,JAPN,668,1,39.98,2,-1.50,0.20,0,1
1010,AT&T,Communications,Strategic,Japan,Hiroshima,APJ,JAPN,954,1,6.92,6,-10.39,0.80,0,1
1010,AT&T,Communications,Strategic,Luxembourg,Luxembourg,EMEA,EU-WEST,1436,1,43.00,5,20.27,0.00,0,1
1010,AT&T,Communications,Strategic,"South Africa",Johannesburg,EMEA,MEA,1323,1,284.43,18,14.43,1.00,0,1
1010,AT&T,Communications,Strategic,Spain,Valencia,EMEA,EU-WEST,1349,1,125.64,8,47.35,0.00,0,1
1010,AT&T,Communications,Strategic,Sweden,Gothenburg,EMEA,NOR,1778,1,106.95,10,35.02,0.40,0,1
1010,AT&T,Communications,Strategic,Ukraine,Kyiv,EMEA,EU-EAST,1336,1,62.46,4,17.73,0.00,0,1
1010,AT&T,Communications,Strategic,"United Kingdom",Liverpool,EMEA,UKIR,599,1,13.46,2,5.47,0.20,0,1
1010,AT&T,Communications,Strategic,"United Kingdom",London,EMEA,UKIR,968,4,6874.23,27,2588.75,0.50,404,1
1010,AT&T,Communications,Strategic,"United States",Chicago,AMER,NAMER,929,3,907.24,25,172.26,1.00,130,1
1010,AT&T,Communications,Strategic,"United States",Henderson,AMER,NAMER,1976,1,13.94,3,6.00,0.00,0,1
1010,AT&T,Communications,Strategic,"United States","Los Angeles",AMER,NAMER,1247,1,1632.36,17,139.05,0.20,0,1
1010,AT&T,Communications,Strategic,"United States","New York City",AMER,NAMER,701,3,3029.01,24,652.42,0.20,289,1
1010,AT&T,Communications,Strategic,"United States","San Francisco",AMER,NAMER,773,1,1295.78,2,310.99,0.00,0,1
1011,"Bank of America Corp.",Finance,Enterprise,Indonesia,Jakarta,APJ,APAC,1729,1,273.96,2,10.96,0.00,0,1
1011,"Bank of America Corp.",Finance,Enterprise,Norway,Oslo,EMEA,NOR,1056,1,2545.12,19,757.56,0.00,0,1
1011,"Bank of America Corp.",Finance,Enterprise,Turkey,Ankara,EMEA,MEA,1122,1,44.40,5,12.43,0.00,0,1
1011,"Bank of America Corp.",Finance,Enterprise,"United States","Los Angeles",AMER,NAMER,1414,1,175.29,6,83.97,0.00,0,1
1011,"Bank of America Corp.",Finance,Enterprise,"United States","New York City",AMER,NAMER,1249,1,3384.45,6,382.83,0.20,0,1
1011,"Bank of America Corp.",Finance,Enterprise,"United States",Seattle,AMER,NAMER,1441,1,555.96,5,41.70,0.20,0,1
1011,"Bank of America Corp.",Finance,SMB,Australia,Melbourne,APJ,ANZ,610,1,143.86,9,48.55,0.20,0,1
1011,"Bank of America Corp.",Finance,SMB,Belgium,Brussels,EMEA,EU-WEST,1336,1,319.97,4,36.00,0.20,0,1
1011,"Bank of America Corp.",Finance,SMB,Finland,Espoo,EMEA,NOR,1325,1,433.78,11,121.11,0.00,0,1
1011,"Bank of America Corp.",Finance,SMB,Finland,Helsinki,EMEA,NOR,686,1,79.00,10,27.88,0.00,0,1
1011,"Bank of America Corp.",Finance,SMB,France,Paris,EMEA,EU-WEST,696,1,517.26,19,-226.01,3.30,0,1
1011,"Bank of America Corp.",Finance,SMB,Germany,Munich,EMEA,EU-WEST,636,3,705.99,6,-33.71,1.40,710,1
1011,"Bank of America Corp.",Finance,SMB,India,Mumbai,APJ,IND,749,1,171.43,7,16.67,0.00,0,1
1011,"Bank of America Corp.",Finance,SMB,Italy,Milan,EMEA,EU,703,1,13.48,1,1.89,0.00,0,1
1011,"Bank of America Corp.",Finance,SMB,Japan,Fukuoka,APJ,JAPN,1557,1,259.95,6,-25.99,0.50,0,1
1011,"Bank of America Corp.",Finance,SMB,Japan,Osaka,APJ,JAPN,1538,1,610.16,8,-113.10,1.00,0,1
1011,"Bank of America Corp.",Finance,SMB,Japan,Shizuoka,APJ,JAPN,1883,1,36.54,2,11.88,0.20,0,1
1011,"Bank of America Corp.",Finance,SMB,Japan,Tokyo,APJ,JAPN,635,2,2642.93,18,-378.60,1.70,432,1
1011,"Bank of America Corp.",Finance,SMB,Mexico,"Mexico City",AMER,LATAM,1793,1,2.50,3,-2.00,0.70,0,1
1011,"Bank of America Corp.",Finance,SMB,Philippines,"Davao City",APJ,APAC,1147,1,66.80,5,11.05,0.00,0,1
1011,"Bank of America Corp.",Finance,SMB,Russia,Moscow,EMEA,EU-EAST,1695,1,447.94,7,89.59,0.20,0,1
1011,"Bank of America Corp.",Finance,SMB,"South Korea",Busan,APJ,APAC,1250,1,435.85,13,124.19,0.00,0,1
1011,"Bank of America Corp.",Finance,SMB,"South Korea",Seoul,APJ,APAC,1762,1,1885.27,19,312.95,0.00,0,1
1011,"Bank of America Corp.",Finance,SMB,Spain,Madrid,EMEA,EU-WEST,793,1,49.12,4,23.09,0.00,0,1
1011,"Bank of America Corp.",Finance,SMB,Sweden,Gothenburg,EMEA,NOR,1305,1,405.35,10,64.05,0.40,0,1
1011,"Bank of America Corp.",Finance,SMB,Sweden,Stockholm,EMEA,NOR,743,2,793.38,18,14.63,1.50,365,1
1011,"Bank of America Corp.",Finance,SMB,Sweden,Uppsala,EMEA,NOR,976,1,334.25,8,46.60,0.60,0,1
1011,"Bank of America Corp.",Finance,SMB,"United Arab Emirates",Dubai,EMEA,MEA,1818,1,638.82,9,172.48,0.00,0,1
1011,"Bank of America Corp.",Finance,SMB,"United Kingdom",London,EMEA,UKIR,601,4,3476.37,48,790.60,0.50,1204,1
1011,"Bank of America Corp.",Finance,SMB,"United States",Dallas,AMER,NAMER,758,1,988.21,22,155.01,0.40,0,1
1011,"Bank of America Corp.",Finance,SMB,"United States","Los Angeles",AMER,NAMER,1738,1,123.14,7,46.18,0.20,0,1
1011,"Bank of America Corp.",Finance,SMB,"United States","New York City",AMER,NAMER,846,2,260.36,12,1.29,0.20,200,1
1011,"Bank of America Corp.",Finance,SMB,"United States",Raleigh,AMER,NAMER,846,1,321.31,21,67.31,0.00,0,1
1011,"Bank of America Corp.",Finance,SMB,"United States",Seattle,AMER,NAMER,616,1,166.44,3,79.89,0.00,0,1
1011,"Bank of America Corp.",Finance,Strategic,Canada,Toronto,AMER,NAMER,646,2,4306.49,30,1347.85,0.40,77,1
1011,"Bank of America Corp.",Finance,Strategic,Finland,Helsinki,EMEA,NOR,828,1,34.50,3,15.53,0.00,0,1
1011,"Bank of America Corp.",Finance,Strategic,France,Paris,EMEA,EU-WEST,1325,1,547.14,4,-68.39,0.20,0,1
1011,"Bank of America Corp.",Finance,Strategic,Germany,Munich,EMEA,EU-WEST,1170,1,452.46,21,-4.95,0.40,0,1
1011,"Bank of America Corp.",Finance,Strategic,Ireland,Dublin,EMEA,UKIR,807,2,246.59,8,69.12,0.00,895,1
1011,"Bank of America Corp.",Finance,Strategic,Italy,Milan,EMEA,EU,869,1,1986.52,11,482.59,0.00,0,1
1011,"Bank of America Corp.",Finance,Strategic,Japan,Tokyo,APJ,JAPN,1049,1,6.82,2,-11.59,0.80,0,1
1011,"Bank of America Corp.",Finance,Strategic,Luxembourg,Luxembourg,EMEA,EU-WEST,966,1,18.84,3,6.03,0.00,0,1
1011,"Bank of America Corp.",Finance,Strategic,Mexico,Guadalajara,AMER,LATAM,1072,1,30.96,6,11.22,0.20,0,1
1011,"Bank of America Corp.",Finance,Strategic,Philippines,Manila,APJ,APAC,1353,1,188.94,6,30.86,0.00,0,1
1011,"Bank of America Corp.",Finance,Strategic,Philippines,"Quezon City",APJ,APAC,1672,1,465.18,3,120.95,0.00,0,1
1011,"Bank of America Corp.",Finance,Strategic,Portugal,Porto,EMEA,EU-WEST,1478,1,457.04,11,88.67,0.00,0,1
1011,"Bank of America Corp.",Finance,Strategic,Sweden,Gothenburg,EMEA,NOR,769,1,9.55,3,1.55,0.20,0,1
1011,"Bank of America Corp.",Finance,Strategic,Taiwan,Taipei,APJ,APAC,1060,1,1148.81,7,266.17,0.20,0,1
1011,"Bank of America Corp.",Finance,Strategic,"United Kingdom",London,EMEA,UKIR,630,1,2521.48,10,634.56,0.00,0,1
1011,"Bank of America Corp.",Finance,Strategic,"United States","Long Beach",AMER,NAMER,850,1,436.70,6,-38.21,0.20,0,1
1011,"Bank of America Corp.",Finance,Strategic,"United States","Los Angeles",AMER,NAMER,744,1,1170.56,9,108.05,0.40,0,1
1011,"Bank of America Corp.",Finance,Strategic,"United States","New York City",AMER,NAMER,1342,2,1188.81,16,62.12,0.40,387,1
1011,"Bank of America Corp.",Finance,Strategic,"United States","San Diego",AMER,NAMER,598,1,1000.02,7,290.01,0.00,0,1
1011,"Bank of America Corp.",Finance,Strategic,"United States",Seattle,AMER,NAMER,1345,2,1729.92,11,264.84,0.20,258,1
1012,"Berkshire Hathaway",Finance,SMB,Australia,Sydney,APJ,ANZ,751,1,2.11,2,-3.38,0.80,0,1
1012,"Berkshire Hathaway",Finance,SMB,"Czech Republic",Prague,EMEA,EU-EAST,803,1,253.86,6,38.78,0.00,0,1
1012,"Berkshire Hathaway",Finance,SMB,Finland,Espoo,EMEA,NOR,841,1,675.06,3,87.76,0.00,0,1
1012,"Berkshire Hathaway",Finance,SMB,Germany,Berlin,EMEA,EU-WEST,660,1,59.83,9,8.88,0.80,0,1
1012,"Berkshire Hathaway",Finance,SMB,Ireland,Dublin,EMEA,UKIR,1500,1,365.91,4,149.49,0.00,0,1
1012,"Berkshire Hathaway",Finance,SMB,Japan,Osaka,APJ,JAPN,1070,1,93.46,3,-17.52,0.20,0,1
1012,"Berkshire Hathaway",Finance,SMB,Japan,Tokyo,APJ,JAPN,1794,1,5.18,5,-8.03,0.80,0,1
1012,"Berkshire Hathaway",Finance,SMB,Mexico,Monterrey,AMER,LATAM,1263,1,46.72,5,17.52,0.20,0,1
1012,"Berkshire Hathaway",Finance,SMB,"United States","Los Angeles",AMER,NAMER,738,1,175.71,8,36.00,0.00,0,1
1012,"Berkshire Hathaway",Finance,SMB,"United States","New York City",AMER,NAMER,682,1,9.24,3,4.44,0.00,0,1
1012,"Berkshire Hathaway",Finance,Strategic,France,Nantes,EMEA,EU-WEST,854,1,103.48,6,-5.28,0.90,0,1
1012,"Berkshire Hathaway",Finance,Strategic,France,Paris,EMEA,EU-WEST,1373,1,24.40,2,7.93,0.20,0,1
1012,"Berkshire Hathaway",Finance,Strategic,Germany,Hamburg,EMEA,EU-WEST,1959,1,1.87,1,-1.31,0.70,0,1
1012,"Berkshire Hathaway",Finance,Strategic,India,Bangalore,APJ,IND,1747,1,77.86,4,36.55,0.00,0,1
1012,"Berkshire Hathaway",Finance,Strategic,India,Delhi,APJ,IND,995,1,54.96,3,15.94,0.00,0,1
1012,"Berkshire Hathaway",Finance,Strategic,Japan,Aichi,APJ,JAPN,793,1,720.76,5,54.06,0.20,0,1
1012,"Berkshire Hathaway",Finance,Strategic,Japan,Chiba,APJ,JAPN,593,1,16.03,3,5.61,0.20,0,1
1012,"Berkshire Hathaway",Finance,Strategic,Japan,Tokyo,APJ,JAPN,1562,1,167.24,6,16.85,0.40,0,1
1012,"Berkshire Hathaway",Finance,Strategic,Luxembourg,Luxembourg,EMEA,EU-WEST,686,1,1331.82,13,469.62,0.00,0,1
1012,"Berkshire Hathaway",Finance,Strategic,Russia,Moscow,EMEA,EU-EAST,1032,1,752.41,8,-461.20,0.70,0,1
1012,"Berkshire Hathaway",Finance,Strategic,"South Africa",Johannesburg,EMEA,MEA,1282,1,132.22,4,-18.18,0.20,0,1
1012,"Berkshire Hathaway",Finance,Strategic,"United Kingdom",London,EMEA,UKIR,1043,1,61.44,3,16.59,0.00,0,1
1012,"Berkshire Hathaway",Finance,Strategic,"United States","New York City",AMER,NAMER,761,3,1969.37,13,361.64,0.20,696,1
1013,Enel,Energy,Enterprise,Australia,Sydney,APJ,ANZ,827,1,415.15,10,77.28,0.40,0,1
1013,Enel,Energy,Enterprise,Belgium,Brussels,EMEA,EU-WEST,777,1,87.68,11,25.25,0.60,0,1
1013,Enel,Energy,Enterprise,India,Mumbai,APJ,IND,1009,1,196.33,12,91.46,0.00,0,1
1013,Enel,Energy,Enterprise,Mexico,Cancun,AMER,LATAM,619,1,663.94,4,82.99,0.20,0,1
1013,Enel,Energy,Enterprise,Mexico,Toluca,AMER,LATAM,638,1,10.37,2,3.63,0.20,0,1
1013,Enel,Energy,Enterprise,Netherlands,Amsterdam,EMEA,EU-WEST,857,1,106.32,3,49.97,0.00,0,1
1013,Enel,Energy,Enterprise,"New Zealand",Auckland,APJ,ANZ,1352,1,8.28,2,3.48,0.00,0,1
1013,Enel,Energy,Enterprise,Slovenia,Ljubljana,EMEA,EU-WEST,1007,1,1603.14,4,100.20,0.20,0,1
1013,Enel,Energy,Enterprise,Spain,Barcelona,EMEA,EU-WEST,1102,1,158.81,14,63.35,0.00,0,1
1013,Enel,Energy,Enterprise,Spain,Murcia,EMEA,EU-WEST,1763,1,389.74,14,35.26,0.00,0,1
1013,Enel,Energy,Enterprise,"United Kingdom",Bristol,EMEA,UKIR,775,1,191.65,3,31.94,0.10,0,1
1013,Enel,Energy,Enterprise,"United States",Burlington,AMER,NAMER,618,1,629.64,9,107.04,0.00,0,1
1013,Enel,Energy,Enterprise,"United States","New York City",AMER,NAMER,1786,1,64.15,7,18.44,0.20,0,1
1013,Enel,Energy,SMB,Australia,Hobart,APJ,ANZ,777,1,148.48,2,16.70,0.20,0,1
1013,Enel,Energy,SMB,Brazil,"São Paulo",AMER,LATAM,1402,1,659.88,8,89.08,0.10,0,1
1013,Enel,Energy,SMB,Canada,Toronto,AMER,NAMER,842,1,174.14,4,37.61,0.00,0,1
1013,Enel,Energy,SMB,France,Paris,EMEA,EU-WEST,1456,1,346.16,10,-201.65,0.70,0,1
1013,Enel,Energy,SMB,Germany,Hamburg,EMEA,EU-WEST,1367,1,233.06,11,-102.32,0.90,0,1
1013,Enel,Energy,SMB,Ireland,Dublin,EMEA,UKIR,594,2,403.00,9,86.90,0.00,363,1
1013,Enel,Energy,SMB,Japan,Fukuoka,APJ,JAPN,1491,1,307.17,4,30.72,0.20,0,1
1013,Enel,Energy,SMB,Russia,Moscow,EMEA,EU-EAST,973,1,663.95,12,8.31,0.60,0,1
1013,Enel,Energy,SMB,"South Korea",Seoul,APJ,APAC,975,1,125.81,5,57.91,0.00,0,1
1013,Enel,Energy,SMB,Sweden,Stockholm,EMEA,NOR,734,2,274.84,5,34.18,0.40,11,1
1013,Enel,Energy,SMB,Ukraine,Kyiv,EMEA,EU-EAST,1274,1,264.18,7,68.69,0.00,0,1
1013,Enel,Energy,SMB,"United Kingdom",Leeds,EMEA,UKIR,734,1,116.48,12,31.69,0.00,0,1
1013,Enel,Energy,SMB,"United Kingdom",London,EMEA,UKIR,1150,1,40.74,3,0.41,0.00,0,1
1013,Enel,Energy,SMB,"United States","San Diego",AMER,NAMER,666,1,9.46,2,3.69,0.00,0,1
1013,Enel,Energy,Strategic,Australia,Melbourne,APJ,ANZ,1130,1,339.98,20,-33.09,1.30,0,1
1013,Enel,Energy,Strategic,Canada,Toronto,AMER,NAMER,2003,1,21.36,5,7.21,0.20,0,1
1013,Enel,Energy,Strategic,Germany,Berlin,EMEA,EU-WEST,862,1,269.40,12,-20.94,0.80,0,1
1013,Enel,Energy,Strategic,Germany,Leipzig,EMEA,EU-WEST,1828,1,193.93,5,27.74,0.40,0,1
1013,Enel,Energy,Strategic,Italy,Genoa,EMEA,EU,692,1,22.72,4,10.22,0.00,0,1
1013,Enel,Energy,Strategic,Japan,Hyogo,APJ,JAPN,702,1,663.87,25,11.27,2.30,0,1
1013,Enel,Energy,Strategic,Japan,Tokyo,APJ,JAPN,1804,1,559.71,3,-121.27,0.40,0,1
1013,Enel,Energy,Strategic,Spain,Murcia,EMEA,EU-WEST,1435,1,46.62,9,21.45,0.00,0,1
1013,Enel,Energy,Strategic,"United Kingdom",London,EMEA,UKIR,1381,2,1690.58,20,188.64,0.60,53,1
1013,Enel,Energy,Strategic,"United States","New York City",AMER,NAMER,1104,1,482.58,7,53.41,0.60,0,1
1013,Enel,Energy,Strategic,"United States",Omaha,AMER,NAMER,663,1,52.79,1,4.62,0.20,0,1
1014,Boeing,Manufacturing,Enterprise,Colombia,Medellín,AMER,LATAM,1061,1,25.92,4,12.44,0.00,0,1
1014,Boeing,Manufacturing,Enterprise,"Costa Rica","San José",AMER,LATAM,966,1,563.94,3,112.79,0.00,0,1
1014,Boeing,Manufacturing,Enterprise,Germany,Hamburg,EMEA,EU-WEST,619,1,71.98,3,9.00,0.20,0,1
1014,Boeing,Manufacturing,Enterprise,Mexico,"Mexico City",AMER,LATAM,593,1,3.13,2,-2.61,0.70,0,1
1014,Boeing,Manufacturing,Enterprise,"South Africa",Johannesburg,EMEA,MEA,838,2,623.47,24,-1.19,1.20,2,1
1014,Boeing,Manufacturing,Enterprise,Spain,Madrid,EMEA,EU-WEST,1422,1,61.96,2,4.34,0.00,0,1
1014,Boeing,Manufacturing,Enterprise,"United Kingdom",London,EMEA,UKIR,640,3,228.42,17,78.85,0.00,889,1
1014,Boeing,Manufacturing,Enterprise,"United States",Indianapolis,AMER,NAMER,1465,1,19.15,3,6.46,0.20,0,1
1014,Boeing,Manufacturing,Enterprise,"United States","Los Angeles",AMER,NAMER,612,2,475.99,11,162.11,0.20,506,1
1014,Boeing,Manufacturing,Enterprise,"United States","New York City",AMER,NAMER,996,2,135.75,6,27.80,0.20,746,1
1014,Boeing,Manufacturing,SMB,Australia,Sydney,APJ,ANZ,752,2,87.31,6,-11.97,1.60,320,1
1014,Boeing,Manufacturing,SMB,Brazil,"São Paulo",AMER,LATAM,2019,1,240.50,4,11.65,0.00,0,1
1014,Boeing,Manufacturing,SMB,Canada,Toronto,AMER,NAMER,1890,1,585.55,3,73.19,0.20,0,1
1014,Boeing,Manufacturing,SMB,France,Paris,EMEA,EU-WEST,1225,3,1142.61,28,-304.11,3.50,502,1
1014,Boeing,Manufacturing,SMB,Japan,Tokyo,APJ,JAPN,1620,1,31.92,2,2.39,0.20,0,1
1014,Boeing,Manufacturing,SMB,Sweden,Stockholm,EMEA,NOR,983,1,863.93,9,86.39,0.20,0,1
1014,Boeing,Manufacturing,SMB,Ukraine,Kyiv,EMEA,EU-EAST,656,1,11.68,4,5.26,0.00,0,1
1014,Boeing,Manufacturing,SMB,"United Kingdom",Birmingham,EMEA,UKIR,1416,1,122.62,4,16.46,0.10,0,1
1014,Boeing,Manufacturing,SMB,"United Kingdom",London,EMEA,UKIR,608,3,127.71,13,43.27,0.20,385,1
1014,Boeing,Manufacturing,SMB,"United States",Anaheim,AMER,NAMER,1493,1,39.92,2,12.97,0.20,0,1
1014,Boeing,Manufacturing,SMB,"United States","New York City",AMER,NAMER,1024,2,1097.42,23,159.43,0.40,126,1
1014,Boeing,Manufacturing,SMB,"United States",Newark,AMER,NAMER,826,1,419.94,7,52.49,0.20,0,1
1014,Boeing,Manufacturing,Strategic,France,Nice,EMEA,EU-WEST,625,2,462.51,17,-10.27,1.70,29,1
1014,Boeing,Manufacturing,Strategic,France,Paris,EMEA,EU-WEST,701,2,2464.80,25,-350.20,3.60,736,1
1014,Boeing,Manufacturing,Strategic,Germany,Cologne,EMEA,EU-WEST,714,1,2.90,1,0.98,0.20,0,1
1014,Boeing,Manufacturing,Strategic,Japan,Kanagawa,APJ,JAPN,1685,1,609.61,13,63.26,1.60,0,1
1014,Boeing,Manufacturing,Strategic,Russia,Moscow,EMEA,EU-EAST,1410,1,139.42,4,17.43,0.20,0,1
1014,Boeing,Manufacturing,Strategic,Russia,"St Petersburg",EMEA,EU-EAST,1678,1,31.54,7,7.89,0.90,0,1
1014,Boeing,Manufacturing,Strategic,"South Korea",Daegu,APJ,APAC,1455,1,52.20,9,23.49,0.00,0,1
1014,Boeing,Manufacturing,Strategic,"United Kingdom",London,EMEA,UKIR,688,2,518.26,11,148.42,0.20,15,1
1014,Boeing,Manufacturing,Strategic,"United Kingdom",Manchester,EMEA,UKIR,636,1,198.55,7,43.20,0.00,0,1
1014,Boeing,Manufacturing,Strategic,"United Kingdom",Newcastle,EMEA,UKIR,1798,1,16.78,2,4.20,0.00,0,1
1014,Boeing,Manufacturing,Strategic,"United States","Los Angeles",AMER,NAMER,976,1,1475.58,15,-171.23,0.20,0,1
1014,Boeing,Manufacturing,Strategic,"United States","New York City",AMER,NAMER,1417,2,1343.17,10,331.96,0.20,10,1
1015,"Samsung Electronics",Tech,Enterprise,Australia,Hobart,APJ,ANZ,1723,1,9.98,5,-16.47,0.80,0,1
1015,"Samsung Electronics",Tech,Enterprise,Australia,Melbourne,APJ,ANZ,833,1,43.37,7,-69.40,0.80,0,1
1015,"Samsung Electronics",Tech,Enterprise,Australia,Sydney,APJ,ANZ,703,1,73.01,9,26.47,0.20,0,1
1015,"Samsung Electronics",Tech,Enterprise,Austria,Vienna,EMEA,EU-WEST,979,1,33.92,8,13.23,0.00,0,1
1015,"Samsung Electronics",Tech,Enterprise,Canada,Toronto,AMER,NAMER,723,2,465.06,4,84.10,0.00,638,1
1015,"Samsung Electronics",Tech,Enterprise,Finland,Helsinki,EMEA,NOR,861,1,771.80,6,199.61,0.00,0,1
1015,"Samsung Electronics",Tech,Enterprise,Mexico,"Mexico City",AMER,LATAM,1797,1,91.49,15,15.59,0.40,0,1
1015,"Samsung Electronics",Tech,Enterprise,Mexico,Tijuana,AMER,LATAM,742,1,76.78,4,-53.74,0.70,0,1
1015,"Samsung Electronics",Tech,Enterprise,Russia,Moscow,EMEA,EU-EAST,1567,1,49.40,7,4.00,0.40,0,1
1015,"Samsung Electronics",Tech,Enterprise,Russia,"Nizhny Novogorod",EMEA,EU-EAST,1084,1,98.33,3,9.83,0.20,0,1
1015,"Samsung Electronics",Tech,Enterprise,"United Arab Emirates",Dubai,EMEA,MEA,969,1,19.44,3,9.33,0.00,0,1
1015,"Samsung Electronics",Tech,Enterprise,"United Kingdom",London,EMEA,UKIR,1590,1,210.99,11,58.19,0.40,0,1
1015,"Samsung Electronics",Tech,Enterprise,"United States",Chicago,AMER,NAMER,1561,2,89.99,6,31.84,0.20,379,1
1015,"Samsung Electronics",Tech,Enterprise,"United States",Springfield,AMER,NAMER,1612,1,1242.90,12,194.72,0.20,0,1
1015,"Samsung Electronics",Tech,SMB,France,Paris,EMEA,EU-WEST,1251,1,114.56,6,-26.68,0.60,0,1
1015,"Samsung Electronics",Tech,SMB,Singapore,Singapore,APJ,APAC,658,1,582.07,5,78.10,0.00,0,1
1015,"Samsung Electronics",Tech,SMB,Sweden,Stockholm,EMEA,NOR,1868,1,310.69,7,108.74,0.20,0,1
1015,"Samsung Electronics",Tech,SMB,"United Kingdom",London,EMEA,UKIR,959,1,33.57,2,11.75,0.20,0,1
1015,"Samsung Electronics",Tech,SMB,"United States","Los Angeles",AMER,NAMER,1044,1,194.85,4,12.18,0.20,0,1
1015,"Samsung Electronics",Tech,SMB,"United States","San Francisco",AMER,NAMER,953,1,302.38,3,22.68,0.20,0,1
1015,"Samsung Electronics",Tech,Strategic,Argentina,"Buenos Aires",AMER,LATAM,1221,1,37.94,2,18.21,0.00,0,1
1015,"Samsung Electronics",Tech,Strategic,Australia,Sydney,APJ,ANZ,1022,2,84.55,14,8.92,1.00,196,1
1015,"Samsung Electronics",Tech,Strategic,Belgium,Brussels,EMEA,EU-WEST,1046,1,859.20,3,75.18,0.20,0,1
1015,"Samsung Electronics",Tech,Strategic,Brazil,"São Paulo",AMER,LATAM,1888,2,695.63,14,319.75,0.10,9,1
1015,"Samsung Electronics",Tech,Strategic,Canada,Toronto,AMER,NAMER,899,1,80.36,10,25.53,0.20,0,1
1015,"Samsung Electronics",Tech,Strategic,Chile,"Puente Alto",AMER,LATAM,1774,1,598.15,18,133.77,1.40,0,1
1015,"Samsung Electronics",Tech,Strategic,Chile,Santiago,AMER,LATAM,965,3,1404.47,27,-652.60,2.80,720,1
1015,"Samsung Electronics",Tech,Strategic,China,Guangzhou,APJ,APAC,1115,1,122.34,16,47.34,0.00,0,1
1015,"Samsung Electronics",Tech,Strategic,Egypt,Cairo,EMEA,MEA,614,2,4609.93,12,1080.79,0.00,758,1
1015,"Samsung Electronics",Tech,Strategic,France,Paris,EMEA,EU-WEST,833,4,2412.58,30,94.69,2.60,1140,1
1015,"Samsung Electronics",Tech,Strategic,Germany,Hamburg,EMEA,EU-WEST,1010,1,50.50,6,8.21,0.20,0,1
1015,"Samsung Electronics",Tech,Strategic,Germany,Hanover,EMEA,EU-WEST,691,1,95.62,2,9.56,0.20,0,1
1015,"Samsung Electronics",Tech,Strategic,Japan,Saitama,APJ,JAPN,870,1,12.77,2,0.96,0.20,0,1
1015,"Samsung Electronics",Tech,Strategic,Japan,Tokyo,APJ,JAPN,868,1,2737.67,24,370.81,1.60,0,1
1015,"Samsung Electronics",Tech,Strategic,Luxembourg,Luxembourg,EMEA,EU-WEST,976,1,114.95,5,2.30,0.00,0,1
1015,"Samsung Electronics",Tech,Strategic,Mexico,Cancun,AMER,LATAM,1310,1,15.17,2,3.79,0.20,0,1
1015,"Samsung Electronics",Tech,Strategic,Mexico,"Mexico City",AMER,LATAM,617,1,170.92,11,-23.47,0.60,0,1
1015,"Samsung Electronics",Tech,Strategic,Norway,Oslo,EMEA,NOR,1626,1,599.90,9,-27.16,0.30,0,1
1015,"Samsung Electronics",Tech,Strategic,Philippines,"Quezon City",APJ,APAC,1386,1,450.09,6,117.03,0.00,0,1
1015,"Samsung Electronics",Tech,Strategic,Portugal,Porto,EMEA,EU-WEST,1101,1,197.05,7,59.12,0.00,0,1
1015,"Samsung Electronics",Tech,Strategic,"South Africa","Cape Town",EMEA,MEA,799,1,35.17,7,9.67,0.20,0,1
1015,"Samsung Electronics",Tech,Strategic,Spain,Madrid,EMEA,EU-WEST,1030,1,342.76,16,163.36,0.00,0,1
1015,"Samsung Electronics",Tech,Strategic,Sweden,Stockholm,EMEA,NOR,1205,1,36.24,5,11.33,0.20,0,1
1015,"Samsung Electronics",Tech,Strategic,Taiwan,Taipei,APJ,APAC,1364,1,1001.20,5,183.04,0.20,0,1
1015,"Samsung Electronics",Tech,Strategic,"United Kingdom",Liverpool,EMEA,UKIR,595,1,37.93,1,6.83,0.00,0,1
1015,"Samsung Electronics",Tech,Strategic,"United Kingdom",London,EMEA,UKIR,708,2,2260.82,41,299.14,0.70,671,1
1015,"Samsung Electronics",Tech,Strategic,"United States",Jackson,AMER,NAMER,740,1,54.90,2,18.53,0.20,0,1
1016,Caterpillar,Manufacturing,Enterprise,Australia,Sydney,APJ,ANZ,979,1,3.54,2,0.31,0.20,0,1
1016,Caterpillar,Manufacturing,Enterprise,Belgium,Brussels,EMEA,EU-WEST,969,1,651.37,5,-295.95,0.70,0,1
1016,Caterpillar,Manufacturing,Enterprise,Canada,Toronto,AMER,NAMER,1708,1,269.36,7,70.03,0.00,0,1
1016,Caterpillar,Manufacturing,Enterprise,France,Paris,EMEA,EU-WEST,1836,1,5.68,2,1.92,0.20,0,1
1016,Caterpillar,Manufacturing,Enterprise,Germany,Dresden,EMEA,EU-WEST,833,1,32.09,8,10.40,0.60,0,1
1016,Caterpillar,Manufacturing,Enterprise,Ireland,Dublin,EMEA,UKIR,1053,1,13.28,2,6.37,0.00,0,1
1016,Caterpillar,Manufacturing,Enterprise,Italy,Milan,EMEA,EU,1364,1,2233.02,25,538.10,0.00,0,1
1016,Caterpillar,Manufacturing,Enterprise,Japan,Tokyo,APJ,JAPN,681,1,372.45,9,56.90,0.80,0,1
1016,Caterpillar,Manufacturing,Enterprise,Mexico,Tijuana,AMER,LATAM,1344,1,14.83,3,-10.38,0.70,0,1
1016,Caterpillar,Manufacturing,Enterprise,Mexico,Toluca,AMER,LATAM,1962,1,330.59,1,-143.25,0.40,0,1
1016,Caterpillar,Manufacturing,Enterprise,"South Africa",Johannesburg,EMEA,MEA,877,1,4.61,2,1.67,0.20,0,1
1016,Caterpillar,Manufacturing,Enterprise,"United Kingdom",London,EMEA,UKIR,1720,1,1393.87,7,17.96,0.20,0,1
1016,Caterpillar,Manufacturing,Enterprise,"United States",Columbia,AMER,NAMER,912,1,203.98,2,16.80,0.20,0,1
1016,Caterpillar,Manufacturing,Enterprise,"United States","Los Angeles",AMER,NAMER,675,2,257.76,15,37.77,0.80,763,1
1016,Caterpillar,Manufacturing,Enterprise,"United States",Seattle,AMER,NAMER,605,1,134.91,22,54.31,0.20,0,1
1016,Caterpillar,Manufacturing,SMB,Australia,Sydney,APJ,ANZ,1904,1,104.92,4,-190.51,1.40,0,1
1016,Caterpillar,Manufacturing,SMB,Germany,Nuremberg,EMEA,EU-WEST,835,1,751.98,2,84.60,0.20,0,1
1016,Caterpillar,Manufacturing,SMB,Philippines,Manila,APJ,APAC,1162,1,386.48,7,103.36,0.00,0,1
1016,Caterpillar,Manufacturing,SMB,Spain,Madrid,EMEA,EU-WEST,1877,1,425.67,5,98.93,0.00,0,1
1016,Caterpillar,Manufacturing,SMB,"United Kingdom",London,EMEA,UKIR,1350,2,4090.69,54,853.57,0.80,113,1
1016,Caterpillar,Manufacturing,SMB,"United States","Los Angeles",AMER,NAMER,1846,1,1136.09,20,162.75,0.40,0,1
1016,Caterpillar,Manufacturing,SMB,"United States","New York City",AMER,NAMER,708,1,255.25,7,3.59,0.40,0,1
1016,Caterpillar,Manufacturing,SMB,"United States","San Diego",AMER,NAMER,1916,1,149.97,3,52.49,0.00,0,1
1016,Caterpillar,Manufacturing,SMB,"United States",Seattle,AMER,NAMER,614,2,432.27,14,94.64,0.20,730,1
1016,Caterpillar,Manufacturing,Strategic,Belgium,Brussels,EMEA,EU-WEST,706,1,88.07,7,-58.72,0.70,0,1
1016,Caterpillar,Manufacturing,Strategic,Colombia,Bogotá,AMER,LATAM,625,2,1159.86,18,420.96,0.00,1327,1
1016,Caterpillar,Manufacturing,Strategic,Japan,Chiba,APJ,JAPN,740,1,1476.27,10,-251.30,0.60,0,1
1016,Caterpillar,Manufacturing,Strategic,Japan,Kyoto,APJ,JAPN,892,1,0.56,1,-0.95,0.80,0,1
1016,Caterpillar,Manufacturing,Strategic,Mexico,"Mexico City",AMER,LATAM,702,1,116.83,4,33.59,0.20,0,1
1016,Caterpillar,Manufacturing,Strategic,Spain,Madrid,EMEA,EU-WEST,1231,1,31.40,2,7.85,0.00,0,1
1016,Caterpillar,Manufacturing,Strategic,Sweden,Stockholm,EMEA,NOR,951,2,756.92,18,-56.51,2.30,547,1
1016,Caterpillar,Manufacturing,Strategic,"United Kingdom",Edinburgh,EMEA,UKIR,814,1,889.29,11,313.02,0.00,0,1
1016,Caterpillar,Manufacturing,Strategic,"United Kingdom",London,EMEA,UKIR,1841,1,65.78,11,32.23,0.00,0,1
1016,Caterpillar,Manufacturing,Strategic,"United States","Los Angeles",AMER,NAMER,1050,1,477.67,2,84.29,0.20,0,1
1016,Caterpillar,Manufacturing,Strategic,"United States","New York City",AMER,NAMER,665,2,1976.52,15,434.76,0.20,1044,1
1016,Caterpillar,Manufacturing,Strategic,"United States",Newark,AMER,NAMER,677,1,171.29,3,-6.42,0.20,0,1
1017,Chevron,Energy,SMB,Australia,Sydney,APJ,ANZ,860,5,5929.19,60,413.33,4.40,887,1
1017,Chevron,Energy,SMB,Australia,Wollongong,APJ,ANZ,632,1,239.96,5,83.99,0.20,0,1
1017,Chevron,Energy,SMB,Belgium,Antwerp,EMEA,EU-WEST,962,1,65.94,15,-17.11,1.10,0,1
1017,Chevron,Energy,SMB,Canada,Montreal,AMER,NAMER,1065,1,143.24,10,61.97,0.40,0,1
1017,Chevron,Energy,SMB,Canada,Toronto,AMER,NAMER,1420,1,199.74,6,47.94,0.00,0,1
1017,Chevron,Energy,SMB,Finland,Helsinki,EMEA,NOR,972,1,299.07,9,43.09,0.00,0,1
1017,Chevron,Energy,SMB,France,Paris,EMEA,EU-WEST,611,4,1605.14,23,-112.82,2.40,638,1
1017,Chevron,Energy,SMB,Germany,Berlin,EMEA,EU-WEST,854,1,284.19,7,79.62,1.10,0,1
1017,Chevron,Energy,SMB,Germany,Mannheim,EMEA,EU-WEST,1568,1,194.14,2,-76.18,0.70,0,1
1017,Chevron,Energy,SMB,Ireland,Dublin,EMEA,UKIR,1006,1,993.90,5,261.49,0.00,0,1
1017,Chevron,Energy,SMB,Japan,Aichi,APJ,JAPN,1396,1,136.72,7,-93.38,0.80,0,1
1017,Chevron,Energy,SMB,Japan,Chiba,APJ,JAPN,1330,1,88.80,4,-2.22,0.20,0,1
1017,Chevron,Energy,SMB,Japan,Sapporo,APJ,JAPN,1256,1,4406.07,14,-747.09,0.80,0,1
1017,Chevron,Energy,SMB,Japan,Tokyo,APJ,JAPN,927,2,104.51,5,7.22,0.40,269,1
1017,Chevron,Energy,SMB,Luxembourg,Luxembourg,EMEA,EU-WEST,773,1,374.48,5,96.51,0.00,0,1
1017,Chevron,Energy,SMB,Mexico,"Mexico City",AMER,LATAM,1698,1,5.48,4,-4.02,0.70,0,1
1017,Chevron,Energy,SMB,Portugal,Porto,EMEA,EU-WEST,1169,1,1002.70,10,285.77,0.00,0,1
1017,Chevron,Energy,SMB,Russia,"St Petersburg",EMEA,EU-EAST,1078,1,124.06,6,13.75,0.40,0,1
1017,Chevron,Energy,SMB,Singapore,Singapore,APJ,APAC,642,1,38.16,9,19.08,0.00,0,1
1017,Chevron,Energy,SMB,"South Korea",Seoul,APJ,APAC,652,1,21.93,3,10.31,0.00,0,1
1017,Chevron,Energy,SMB,Spain,Murcia,EMEA,EU-WEST,1507,1,535.36,16,174.26,0.00,0,1
1017,Chevron,Energy,SMB,Spain,Valencia,EMEA,EU-WEST,1378,1,197.72,4,55.36,0.00,0,1
1017,Chevron,Energy,SMB,Sweden,Gothenburg,EMEA,NOR,710,1,229.54,7,83.21,0.20,0,1
1017,Chevron,Energy,SMB,"United Kingdom",Leeds,EMEA,UKIR,981,1,1165.33,18,46.31,0.50,0,1
1017,Chevron,Energy,SMB,"United Kingdom",London,EMEA,UKIR,863,6,1239.33,33,319.11,0.20,928,1
1017,Chevron,Energy,SMB,"United States",Buffalo,AMER,NAMER,1996,1,19.44,3,9.33,0.00,0,1
1017,Chevron,Energy,SMB,"United States",Chicago,AMER,NAMER,814,1,133.12,5,49.92,0.20,0,1
1017,Chevron,Energy,SMB,"United States","Los Angeles",AMER,NAMER,678,4,1233.65,28,339.40,0.40,1281,1
1017,Chevron,Energy,SMB,"United States","New York City",AMER,NAMER,597,5,1432.11,47,316.29,0.40,1235,1
1017,Chevron,Energy,SMB,"United States",Philadelphia,AMER,NAMER,875,1,770.21,15,35.79,0.60,0,1
1017,Chevron,Energy,Strategic,Australia,Sydney,APJ,ANZ,763,2,111.27,23,-154.83,2.20,212,1
1017,Chevron,Energy,Strategic,Brazil,"São Paulo",AMER,LATAM,1870,1,6.08,1,3.04,0.00,0,1
1017,Chevron,Energy,Strategic,Canada,Toronto,AMER,NAMER,850,1,901.20,6,304.75,0.20,0,1
1017,Chevron,Energy,Strategic,China,Beijing,APJ,APAC,1465,1,77.58,9,20.17,0.00,0,1
1017,Chevron,Energy,Strategic,"Costa Rica","San José",AMER,LATAM,593,1,750.68,2,37.53,0.00,0,1
1017,Chevron,Energy,Strategic,Germany,Nuremberg,EMEA,EU-WEST,797,1,20.74,4,7.26,0.20,0,1
1017,Chevron,Energy,Strategic,Indonesia,Jakarta,APJ,APAC,987,1,186.95,10,85.30,0.00,0,1
1017,Chevron,Energy,Strategic,Japan,Aichi,APJ,JAPN,1069,2,533.84,10,101.88,0.80,185,1
1017,Chevron,Energy,Strategic,Japan,Osaka,APJ,JAPN,1616,1,473.40,8,52.29,0.40,0,1
1017,Chevron,Energy,Strategic,Japan,Tokyo,APJ,JAPN,1286,1,73.78,2,-77.47,0.60,0,1
1017,Chevron,Energy,Strategic,Mexico,"Mexico City",AMER,LATAM,973,1,1252.64,19,-263.57,1.30,0,1
1017,Chevron,Energy,Strategic,"New Zealand",Wellington,APJ,ANZ,967,1,24.91,3,8.23,0.40,0,1
1017,Chevron,Energy,Strategic,Philippines,Manila,APJ,APAC,1728,1,3116.49,15,833.77,0.00,0,1
1017,Chevron,Energy,Strategic,Poland,Warsaw,EMEA,EU-WEST,1684,1,77.21,14,27.74,0.00,0,1
1017,Chevron,Energy,Strategic,Sweden,Gothenburg,EMEA,NOR,1372,1,81.13,20,-14.38,1.30,0,1
1017,Chevron,Energy,Strategic,Taiwan,Taipei,APJ,APAC,1465,1,3.30,1,1.12,0.20,0,1
1017,Chevron,Energy,Strategic,"United Kingdom",London,EMEA,UKIR,678,2,173.06,17,51.85,0.00,294,1
1017,Chevron,Energy,Strategic,"United States","Los Angeles",AMER,NAMER,1107,3,2171.61,14,646.38,0.20,284,1
1017,Chevron,Energy,Strategic,"United States","New York City",AMER,NAMER,848,3,542.68,13,54.67,0.20,1025,1
1017,Chevron,Energy,Strategic,"United States",Springfield,AMER,NAMER,971,1,1120.37,6,44.00,0.40,0,1
1018,Petrobras,Energy,SMB,Australia,Sydney,APJ,ANZ,631,2,221.54,13,-38.03,1.50,1261,1
1018,Petrobras,Energy,SMB,Japan,Aichi,APJ,JAPN,1773,1,57.91,15,-23.29,2.00,0,1
1018,Petrobras,Energy,SMB,Japan,Chiba,APJ,JAPN,853,1,106.11,5,23.97,0.40,0,1
1018,Petrobras,Energy,SMB,"United Kingdom",London,EMEA,UKIR,790,1,954.55,14,173.32,0.30,0,1
1018,Petrobras,Energy,SMB,"United States","New York City",AMER,NAMER,913,2,978.86,10,56.75,0.20,565,1
1018,Petrobras,Energy,Strategic,Australia,Sydney,APJ,ANZ,749,2,77.79,8,-3.31,1.00,978,1
1018,Petrobras,Energy,Strategic,Brazil,"São Paulo",AMER,LATAM,1325,1,255.58,7,50.35,0.00,0,1
1018,Petrobras,Energy,Strategic,Canada,Montreal,AMER,NAMER,1038,1,837.60,3,62.82,0.20,0,1
1018,Petrobras,Energy,Strategic,Chile,Santiago,AMER,LATAM,639,2,1558.93,29,-227.21,2.20,81,1
1018,Petrobras,Energy,Strategic,Finland,Helsinki,EMEA,NOR,1302,1,316.00,4,31.60,0.00,0,1
1018,Petrobras,Energy,Strategic,France,Paris,EMEA,EU-WEST,726,1,1801.63,6,-337.81,0.20,0,1
1018,Petrobras,Energy,Strategic,Japan,Osaka,APJ,JAPN,618,1,10.37,2,3.63,0.20,0,1
1018,Petrobras,Energy,Strategic,Russia,Yekaterinburg,EMEA,EU-EAST,1168,1,874.31,10,33.05,2.50,0,1
1018,Petrobras,Energy,Strategic,"South Africa","Cape Town",EMEA,MEA,625,1,76.52,10,16.54,0.90,0,1
1018,Petrobras,Energy,Strategic,Sweden,Gothenburg,EMEA,NOR,1350,1,17.09,2,1.07,0.20,0,1
1018,Petrobras,Energy,Strategic,"United Kingdom",London,EMEA,UKIR,664,2,610.26,17,203.47,0.00,169,1
1018,Petrobras,Energy,Strategic,"United States",Austin,AMER,NAMER,1385,1,5.76,2,2.65,0.00,0,1
1018,Petrobras,Energy,Strategic,"United States","Los Angeles",AMER,NAMER,1115,1,6.30,2,3.02,0.00,0,1
1018,Petrobras,Energy,Strategic,"United States",Nashville,AMER,NAMER,665,1,175.37,6,79.54,0.00,0,1
1018,Petrobras,Energy,Strategic,"United States","New York City",AMER,NAMER,892,2,685.96,12,71.99,0.20,743,1
1019,"Cisco Systems",Tech,Enterprise,Australia,Sydney,APJ,ANZ,1551,1,238.38,6,22.28,0.40,0,1
1019,"Cisco Systems",Tech,Enterprise,Canada,Toronto,AMER,NAMER,868,1,19.83,1,5.95,0.00,0,1
1019,"Cisco Systems",Tech,Enterprise,Chile,Santiago,AMER,LATAM,1036,1,170.98,3,0.16,0.40,0,1
1019,"Cisco Systems",Tech,Enterprise,China,Beijing,APJ,APAC,1946,1,7.83,3,3.60,0.00,0,1
1019,"Cisco Systems",Tech,Enterprise,Finland,Helsinki,EMEA,NOR,1288,1,1396.35,9,694.42,0.00,0,1
1019,"Cisco Systems",Tech,Enterprise,Japan,Aichi,APJ,JAPN,1198,1,22.61,3,-10.17,0.60,0,1
1019,"Cisco Systems",Tech,Enterprise,"South Korea",Daegu,APJ,APAC,605,1,569.57,11,-37.86,0.30,0,1
1019,"Cisco Systems",Tech,Enterprise,"South Korea",Incheon,APJ,APAC,605,1,1273.83,3,470.21,0.00,0,1
1019,"Cisco Systems",Tech,Enterprise,Sweden,Stockholm,EMEA,NOR,1211,2,407.57,23,124.98,1.20,327,1
1019,"Cisco Systems",Tech,Enterprise,"United States",Houston,AMER,NAMER,1004,1,9.98,1,2.79,0.00,0,1
1019,"Cisco Systems",Tech,Enterprise,"United States","Los Angeles",AMER,NAMER,619,2,40.81,12,14.99,0.20,269,1
1019,"Cisco Systems",Tech,Enterprise,"United States","New York City",AMER,NAMER,1691,2,1966.87,34,262.54,0.60,165,1
1019,"Cisco Systems",Tech,Enterprise,"United States",Seattle,AMER,NAMER,1372,1,376.97,4,69.35,0.00,0,1
1019,"Cisco Systems",Tech,SMB,Australia,Sydney,APJ,ANZ,1804,1,239.98,3,53.99,0.20,0,1
1019,"Cisco Systems",Tech,SMB,Belgium,Brussels,EMEA,EU-WEST,678,1,374.61,26,-386.22,1.80,0,1
1019,"Cisco Systems",Tech,SMB,Brazil,"São Paulo",AMER,LATAM,843,1,183.42,11,88.77,0.00,0,1
1019,"Cisco Systems",Tech,SMB,China,Beijing,APJ,APAC,842,1,908.82,9,227.21,0.00,0,1
1019,"Cisco Systems",Tech,SMB,China,Chengdu,APJ,APAC,632,1,43.80,6,20.59,0.00,0,1
1019,"Cisco Systems",Tech,SMB,"Costa Rica","San José",AMER,LATAM,617,1,2479.96,4,743.99,0.00,0,1
1019,"Cisco Systems",Tech,SMB,France,Paris,EMEA,EU-WEST,619,1,1079.32,6,-15.42,0.30,0,1
1019,"Cisco Systems",Tech,SMB,Indonesia,Surabaya,APJ,APAC,1064,1,224.75,5,62.93,0.00,0,1
1019,"Cisco Systems",Tech,SMB,Ireland,Dublin,EMEA,UKIR,1573,1,893.09,13,228.90,0.00,0,1
1019,"Cisco Systems",Tech,SMB,Japan,Kanagawa,APJ,JAPN,952,1,954.90,39,-390.96,3.70,0,1
1019,"Cisco Systems",Tech,SMB,Japan,Saitama,APJ,JAPN,1319,1,18.42,9,-17.29,1.40,0,1
1019,"Cisco Systems",Tech,SMB,Japan,Tokyo,APJ,JAPN,1602,1,107.77,2,-29.25,0.30,0,1
1019,"Cisco Systems",Tech,SMB,Luxembourg,Luxembourg,EMEA,EU-WEST,889,1,375.71,11,131.89,0.00,0,1
1019,"Cisco Systems",Tech,SMB,Mexico,"Mexico City",AMER,LATAM,1686,1,48.36,5,6.05,0.20,0,1
1019,"Cisco Systems",Tech,SMB,Netherlands,Amsterdam,EMEA,EU-WEST,1962,1,1190.84,7,109.50,0.00,0,1
1019,"Cisco Systems",Tech,SMB,"Saudi Arabia",Dhahran,EMEA,MEA,1536,1,93.79,6,24.15,0.00,0,1
1019,"Cisco Systems",Tech,SMB,Sweden,Gothenburg,EMEA,NOR,652,1,273.08,8,2.33,0.60,0,1
1019,"Cisco Systems",Tech,SMB,Sweden,Stockholm,EMEA,NOR,626,1,105.40,10,20.77,0.60,0,1
1019,"Cisco Systems",Tech,SMB,"United Kingdom",London,EMEA,UKIR,808,4,1651.90,51,519.39,0.80,1023,1
1019,"Cisco Systems",Tech,SMB,"United States","Los Angeles",AMER,NAMER,1386,2,525.59,10,-6.85,0.20,396,1
1019,"Cisco Systems",Tech,SMB,"United States","New York City",AMER,NAMER,727,2,436.24,6,13.30,0.20,463,1
1019,"Cisco Systems",Tech,SMB,"United States",Philadelphia,AMER,NAMER,869,1,1069.13,23,188.85,0.60,0,1
1020,Citigroup,Finance,Enterprise,Canada,Toronto,AMER,NAMER,1349,2,211.82,10,82.50,0.20,86,1
1020,Citigroup,Finance,Enterprise,Germany,Cologne,EMEA,EU-WEST,1267,1,471.08,8,2.94,1.60,0,1
1020,Citigroup,Finance,Enterprise,Italy,Bari,EMEA,EU,1328,1,17.12,4,4.96,0.00,0,1
1020,Citigroup,Finance,Enterprise,Spain,Valencia,EMEA,EU-WEST,1025,1,61.10,5,18.33,0.00,0,1
1020,Citigroup,Finance,Enterprise,"United Kingdom",London,EMEA,UKIR,1630,1,37.78,8,10.53,0.20,0,1
1020,Citigroup,Finance,Enterprise,"United States",Jackson,AMER,NAMER,1934,1,2061.01,13,290.89,0.20,0,1
1020,Citigroup,Finance,Enterprise,"United States",Milwaukee,AMER,NAMER,925,1,277.71,6,39.23,0.00,0,1
1020,Citigroup,Finance,Enterprise,"United States",Seattle,AMER,NAMER,1349,1,2676.67,9,267.67,0.20,0,1
1020,Citigroup,Finance,SMB,Japan,Hyogo,APJ,JAPN,1798,1,51.18,4,-79.34,0.80,0,1
1020,Citigroup,Finance,SMB,Mexico,"Mexico City",AMER,LATAM,1645,1,107.98,3,-27.00,0.40,0,1
1020,Citigroup,Finance,SMB,Russia,"St Petersburg",EMEA,EU-EAST,828,1,120.78,20,-152.87,1.60,0,1
1020,Citigroup,Finance,SMB,"United States","Los Angeles",AMER,NAMER,1010,1,38.29,7,16.46,0.00,0,1
1021,Coca-Cola,"Consumer Products",SMB,Argentina,Mendoza,AMER,LATAM,598,1,517.91,11,179.00,0.00,0,1
1021,Coca-Cola,"Consumer Products",SMB,Australia,Melbourne,APJ,ANZ,906,3,3028.75,40,173.56,3.60,989,1
1021,Coca-Cola,"Consumer Products",SMB,Brazil,"Belo Horizonte",AMER,LATAM,1025,1,338.54,15,88.49,0.00,0,1
1021,Coca-Cola,"Consumer Products",SMB,Brazil,"São Paulo",AMER,LATAM,610,2,273.76,20,99.21,0.00,63,1
1021,Coca-Cola,"Consumer Products",SMB,Canada,Toronto,AMER,NAMER,689,1,151.96,4,41.51,0.00,0,1
1021,Coca-Cola,"Consumer Products",SMB,Chile,Santiago,AMER,LATAM,1043,1,54.79,6,-40.18,0.70,0,1
1021,Coca-Cola,"Consumer Products",SMB,France,Paris,EMEA,EU-WEST,1060,2,1029.98,18,-68.61,1.20,10,1
1021,Coca-Cola,"Consumer Products",SMB,Germany,Hamburg,EMEA,EU-WEST,1178,1,2.69,2,-2.25,0.70,0,1
1021,Coca-Cola,"Consumer Products",SMB,Germany,Munich,EMEA,EU-WEST,637,1,26.72,5,9.35,0.20,0,1
1021,Coca-Cola,"Consumer Products",SMB,India,Mumbai,APJ,IND,598,1,375.34,1,18.77,0.00,0,1
1021,Coca-Cola,"Consumer Products",SMB,Italy,Florence,EMEA,EU,1323,1,435.54,6,163.92,0.00,0,1
1021,Coca-Cola,"Consumer Products",SMB,Japan,Aichi,APJ,JAPN,891,1,26.88,8,9.74,0.20,0,1
1021,Coca-Cola,"Consumer Products",SMB,Japan,Saitama,APJ,JAPN,837,1,1.99,1,-1.44,0.60,0,1
1021,Coca-Cola,"Consumer Products",SMB,Japan,Tokyo,APJ,JAPN,617,2,465.44,21,-811.52,2.60,986,1
1021,Coca-Cola,"Consumer Products",SMB,Mexico,"Mexico City",AMER,LATAM,1161,2,568.42,9,38.37,0.60,830,1
1021,Coca-Cola,"Consumer Products",SMB,"South Africa",Johannesburg,EMEA,MEA,705,1,177.08,12,11.52,0.60,0,1
1021,Coca-Cola,"Consumer Products",SMB,Sweden,Gothenburg,EMEA,NOR,1533,1,10.27,3,1.16,0.20,0,1
1021,Coca-Cola,"Consumer Products",SMB,Sweden,Stockholm,EMEA,NOR,984,2,223.81,9,-9.37,0.60,249,1
1021,Coca-Cola,"Consumer Products",SMB,Ukraine,Donetsk,EMEA,EU-EAST,1118,1,1110.50,24,363.43,0.00,0,1
1021,Coca-Cola,"Consumer Products",SMB,"United Kingdom",Belfast,EMEA,UKIR,891,1,72.80,5,19.66,0.00,0,1
1021,Coca-Cola,"Consumer Products",SMB,"United Kingdom",Cardiff,EMEA,UKIR,1123,1,29.61,9,13.32,0.00,0,1
1021,Coca-Cola,"Consumer Products",SMB,"United States","Los Angeles",AMER,NAMER,661,2,161.97,6,27.63,0.40,497,1
1021,Coca-Cola,"Consumer Products",SMB,"United States","New York City",AMER,NAMER,1112,1,21.48,6,10.74,0.00,0,1
1021,Coca-Cola,"Consumer Products",SMB,"United States",Richmond,AMER,NAMER,1067,1,310.86,12,84.57,0.00,0,1
1021,Coca-Cola,"Consumer Products",SMB,"United States","San Diego",AMER,NAMER,1457,1,174.49,10,47.11,0.00,0,1
1021,Coca-Cola,"Consumer Products",Strategic,Canada,Toronto,AMER,NAMER,988,1,7.31,2,2.56,0.20,0,1
1021,Coca-Cola,"Consumer Products",Strategic,India,Mumbai,APJ,IND,1043,1,18336.74,18,8762.39,0.00,0,1
1021,Coca-Cola,"Consumer Products",Strategic,Japan,Tokyo,APJ,JAPN,1738,1,100.40,6,-17.33,1.00,0,1
1021,Coca-Cola,"Consumer Products",Strategic,Portugal,Porto,EMEA,EU-WEST,1688,1,521.92,9,195.98,0.00,0,1
1021,Coca-Cola,"Consumer Products",Strategic,"United Kingdom",Leeds,EMEA,UKIR,1421,1,85.85,7,37.72,0.20,0,1
1022,Comcast,Communications,Enterprise,Canada,Toronto,AMER,NAMER,709,1,7.58,1,2.96,0.00,0,1
1022,Comcast,Communications,Enterprise,Mexico,"Mexico City",AMER,LATAM,905,1,1448.85,18,-127.23,2.00,0,1
1022,Comcast,Communications,Enterprise,Spain,Valencia,EMEA,EU-WEST,1976,1,1139.92,4,284.98,0.00,0,1
1022,Comcast,Communications,Enterprise,Turkey,Istanbul,EMEA,MEA,1896,1,133.13,9,41.44,0.20,0,1
1022,Comcast,Communications,Enterprise,"United Arab Emirates","Abu Dhabi",EMEA,MEA,1220,1,215.84,14,59.08,0.00,0,1
1022,Comcast,Communications,SMB,Australia,Sydney,APJ,ANZ,713,3,208.47,19,-372.18,1.60,1084,1
1022,Comcast,Communications,SMB,Belgium,Brussels,EMEA,EU-WEST,1556,1,5.25,2,0.59,0.20,0,1
1022,Comcast,Communications,SMB,Brazil,Manaus,AMER,LATAM,792,1,132.52,4,54.33,0.00,0,1
1022,Comcast,Communications,SMB,Canada,Toronto,AMER,NAMER,633,4,529.94,23,109.84,0.80,701,1
1022,Comcast,Communications,SMB,Chile,Antofagasta,AMER,LATAM,839,2,568.77,12,35.97,0.40,288,1
1022,Comcast,Communications,SMB,Chile,Santiago,AMER,LATAM,617,1,67.86,6,-45.24,0.70,0,1
1022,Comcast,Communications,SMB,"Costa Rica","San José",AMER,LATAM,1650,1,178.37,5,62.07,0.00,0,1
1022,Comcast,Communications,SMB,Finland,Helsinki,EMEA,NOR,1000,1,513.52,5,121.26,0.00,0,1
1022,Comcast,Communications,SMB,France,Paris,EMEA,EU-WEST,618,3,1688.64,41,63.02,2.80,1071,1
1022,Comcast,Communications,SMB,Germany,Hamburg,EMEA,EU-WEST,1360,1,377.90,14,-91.06,1.80,0,1
1022,Comcast,Communications,SMB,India,Mumbai,APJ,IND,840,2,267.09,13,85.67,0.00,204,1
1022,Comcast,Communications,SMB,Japan,Aichi,APJ,JAPN,1079,2,130.42,14,1.40,1.00,40,1
1022,Comcast,Communications,SMB,Japan,Osaka,APJ,JAPN,1256,1,962.41,9,-82.09,0.90,0,1
1022,Comcast,Communications,SMB,Japan,Saitama,APJ,JAPN,1699,1,328.59,11,93.40,0.80,0,1
1022,Comcast,Communications,SMB,Japan,Tokyo,APJ,JAPN,1025,2,167.71,21,14.12,1.70,780,1
1022,Comcast,Communications,SMB,Mexico,"Mexico City",AMER,LATAM,1024,2,638.26,11,-56.18,1.20,677,1
1022,Comcast,Communications,SMB,Mexico,"Puerto Vallarta",AMER,LATAM,594,1,445.01,10,-73.37,1.30,0,1
1022,Comcast,Communications,SMB,Mexico,Tijuana,AMER,LATAM,594,2,83.20,17,9.50,0.60,258,1
1022,Comcast,Communications,SMB,"New Zealand",Auckland,APJ,ANZ,591,1,122.53,6,36.22,0.00,0,1
1022,Comcast,Communications,SMB,Norway,Oslo,EMEA,NOR,703,1,56.86,7,26.55,0.00,0,1
1022,Comcast,Communications,SMB,Poland,Warsaw,EMEA,EU-WEST,597,1,839.43,3,218.25,0.00,0,1
1022,Comcast,Communications,SMB,"Saudi Arabia",Riyadh,EMEA,MEA,609,1,437.65,10,128.87,0.00,0,1
1022,Comcast,Communications,SMB,"South Africa",Johannesburg,EMEA,MEA,597,2,1175.31,29,-214.19,1.40,770,1
1022,Comcast,Communications,SMB,"South Korea",Gwangju,APJ,APAC,1628,1,25.87,5,11.73,0.00,0,1
1022,Comcast,Communications,SMB,Spain,Valencia,EMEA,EU-WEST,1731,1,32.40,5,15.55,0.00,0,1
1022,Comcast,Communications,SMB,Sweden,Stockholm,EMEA,NOR,835,1,28.08,3,5.27,0.20,0,1
1022,Comcast,Communications,SMB,"United Kingdom",Belfast,EMEA,UKIR,1557,1,45.68,2,21.01,0.00,0,1
1022,Comcast,Communications,SMB,"United Kingdom",Leeds,EMEA,UKIR,1240,1,35.30,5,13.80,0.00,0,1
1022,Comcast,Communications,SMB,"United Kingdom",Leicester,EMEA,UKIR,1850,1,13.90,2,4.52,0.20,0,1
1022,Comcast,Communications,SMB,"United Kingdom",London,EMEA,UKIR,608,3,1130.03,16,207.75,0.30,1164,1
1022,Comcast,Communications,SMB,"United Kingdom",Manchester,EMEA,UKIR,1144,1,835.17,7,16.70,0.00,0,1
1022,Comcast,Communications,SMB,"United States",Austin,AMER,NAMER,1752,1,34.27,3,11.14,0.20,0,1
1022,Comcast,Communications,SMB,"United States",Chicago,AMER,NAMER,960,1,83.72,14,37.15,0.00,0,1
1022,Comcast,Communications,SMB,"United States",Columbus,AMER,NAMER,1204,1,3.98,1,1.39,0.20,0,1
1022,Comcast,Communications,SMB,"United States",Dallas,AMER,NAMER,829,1,243.16,2,72.95,0.00,0,1
1022,Comcast,Communications,SMB,"United States","Los Angeles",AMER,NAMER,1889,1,30.46,4,10.78,0.00,0,1
1022,Comcast,Communications,SMB,"United States","New York City",AMER,NAMER,1231,3,2914.34,15,9.39,0.40,707,1
1022,Comcast,Communications,SMB,"United States",Providence,AMER,NAMER,1049,2,2686.75,42,394.26,0.80,331,1
1022,Comcast,Communications,Strategic,Argentina,"Buenos Aires",AMER,LATAM,1497,1,11.12,4,2.89,0.00,0,1
1022,Comcast,Communications,Strategic,Brazil,"São Paulo",AMER,LATAM,969,1,1949.31,6,311.43,0.00,0,1
1022,Comcast,Communications,Strategic,Finland,Helsinki,EMEA,NOR,1520,1,6.48,1,3.11,0.00,0,1
1022,Comcast,Communications,Strategic,France,Paris,EMEA,EU-WEST,680,1,20.66,7,6.97,0.20,0,1
1022,Comcast,Communications,Strategic,Germany,Hamburg,EMEA,EU-WEST,1486,1,231.92,5,5.80,0.20,0,1
1022,Comcast,Communications,Strategic,India,Delhi,APJ,IND,994,1,328.54,6,157.38,0.00,0,1
1022,Comcast,Communications,Strategic,Japan,Sapporo,APJ,JAPN,1576,1,544.41,21,22.28,3.10,0,1
1022,Comcast,Communications,Strategic,Mexico,Tijuana,AMER,LATAM,1036,1,23.98,4,-15.58,0.40,0,1
1022,Comcast,Communications,Strategic,Norway,Hordaland,EMEA,NOR,765,1,252.00,4,93.24,0.00,0,1
1022,Comcast,Communications,Strategic,"Saudi Arabia",Dhahran,EMEA,MEA,1409,1,26.90,5,13.18,0.00,0,1
1022,Comcast,Communications,Strategic,"South Africa","Cape Town",EMEA,MEA,955,1,40.90,7,-29.90,1.40,0,1
1022,Comcast,Communications,Strategic,"South Korea",Seoul,APJ,APAC,661,1,89.26,7,23.21,0.00,0,1
1022,Comcast,Communications,Strategic,Sweden,Gothenburg,EMEA,NOR,1498,1,12.16,7,-5.04,0.90,0,1
1022,Comcast,Communications,Strategic,Sweden,Stockholm,EMEA,NOR,1836,1,202.89,10,57.64,0.80,0,1
1022,Comcast,Communications,Strategic,"United Kingdom",London,EMEA,UKIR,1395,2,842.91,6,218.98,0.00,459,1
1023,"China National Petroleum",Energy,Enterprise,Australia,Perth,APJ,ANZ,1686,1,8.74,3,-4.80,0.60,0,1
1023,"China National Petroleum",Energy,Enterprise,Belgium,Antwerp,EMEA,EU-WEST,803,1,205.74,4,14.21,0.60,0,1
1023,"China National Petroleum",Energy,Enterprise,Belgium,Brussels,EMEA,EU-WEST,710,1,6.21,2,0.70,0.20,0,1
1023,"China National Petroleum",Energy,Enterprise,China,Beijing,APJ,APAC,1487,1,299.75,14,112.33,0.00,0,1
1023,"China National Petroleum",Energy,Enterprise,China,Shenzhen,APJ,APAC,887,1,49.08,3,4.91,0.00,0,1
1023,"China National Petroleum",Energy,Enterprise,Greece,Athens,EMEA,EU-EAST,688,1,67.40,5,17.52,0.00,0,1
1023,"China National Petroleum",Energy,Enterprise,"United States",Philadelphia,AMER,NAMER,1028,1,120.67,2,21.29,0.20,0,1
1023,"China National Petroleum",Energy,Enterprise,"United States","San Antonio",AMER,NAMER,839,1,1.81,1,0.65,0.00,0,1
1023,"China National Petroleum",Energy,Enterprise,"United States",Seattle,AMER,NAMER,1255,1,16.99,1,4.93,0.00,0,1
1023,"China National Petroleum",Energy,SMB,Argentina,Rosario,AMER,LATAM,1176,1,1562.09,24,356.81,0.30,0,1
1023,"China National Petroleum",Energy,SMB,Australia,Sydney,APJ,ANZ,839,2,112.60,10,-45.01,2.00,353,1
1023,"China National Petroleum",Energy,SMB,France,Paris,EMEA,EU-WEST,646,1,11.67,3,-7.78,0.70,0,1
1023,"China National Petroleum",Energy,SMB,Germany,Stuttgart,EMEA,EU-WEST,631,1,47.32,2,14.87,0.40,0,1
1023,"China National Petroleum",Energy,SMB,Japan,Osaka,APJ,JAPN,657,1,837.79,11,46.16,1.20,0,1
1023,"China National Petroleum",Energy,SMB,Japan,Sapporo,APJ,JAPN,630,1,233.06,3,-53.27,0.30,0,1
1023,"China National Petroleum",Energy,SMB,Japan,Tokyo,APJ,JAPN,1495,1,21.12,5,6.60,0.20,0,1
1023,"China National Petroleum",Energy,SMB,Mexico,Guadalajara,AMER,LATAM,717,1,656.64,10,68.39,0.40,0,1
1023,"China National Petroleum",Energy,SMB,"South Africa","Cape Town",EMEA,MEA,1070,1,228.58,15,-45.47,1.30,0,1
1023,"China National Petroleum",Energy,SMB,"United Kingdom",London,EMEA,UKIR,1792,1,4283.79,35,1599.69,0.40,0,1
1023,"China National Petroleum",Energy,SMB,"United States",Everett,AMER,NAMER,1205,1,90.06,10,42.55,0.20,0,1
1023,"China National Petroleum",Energy,SMB,"United States","Los Angeles",AMER,NAMER,1344,1,7.78,2,2.02,0.00,0,1
1023,"China National Petroleum",Energy,SMB,"United States",Louisville,AMER,NAMER,1193,1,305.50,8,9.82,0.40,0,1
1023,"China National Petroleum",Energy,Strategic,Argentina,"Buenos Aires",AMER,LATAM,1409,1,235.97,10,100.93,0.00,0,1
1023,"China National Petroleum",Energy,Strategic,Argentina,Mendoza,AMER,LATAM,1533,1,345.26,8,154.42,0.00,0,1
1023,"China National Petroleum",Energy,Strategic,Brazil,"São Paulo",AMER,LATAM,946,2,3602.16,11,843.92,0.20,423,1
1023,"China National Petroleum",Energy,Strategic,Canada,Montreal,AMER,NAMER,710,1,719.30,9,50.54,0.20,0,1
1023,"China National Petroleum",Energy,Strategic,Canada,Toronto,AMER,NAMER,1388,1,3.59,1,1.12,0.20,0,1
1023,"China National Petroleum",Energy,Strategic,Chile,Santiago,AMER,LATAM,1119,2,208.10,9,-1.13,0.60,266,1
1023,"China National Petroleum",Energy,Strategic,Croatia,Zagreb,EMEA,EU-WEST,752,1,1107.68,22,329.94,0.00,0,1
1023,"China National Petroleum",Energy,Strategic,Finland,Vantaa,EMEA,NOR,1713,1,21.19,4,7.99,0.00,0,1
1023,"China National Petroleum",Energy,Strategic,France,Paris,EMEA,EU-WEST,667,1,114.38,15,24.65,0.80,0,1
1023,"China National Petroleum",Energy,Strategic,Germany,Frankfurt,EMEA,EU-WEST,1079,1,9.22,4,3.34,0.20,0,1
1023,"China National Petroleum",Energy,Strategic,Germany,Leipzig,EMEA,EU-WEST,1525,1,937.61,35,96.52,1.90,0,1
1023,"China National Petroleum",Energy,Strategic,Italy,Milan,EMEA,EU,1605,1,51.84,8,24.88,0.00,0,1
1023,"China National Petroleum",Energy,Strategic,Japan,Aichi,APJ,JAPN,626,2,741.25,16,57.31,1.70,18,1
1023,"China National Petroleum",Energy,Strategic,Japan,Tokyo,APJ,JAPN,1021,4,461.74,26,-98.94,2.10,366,1
1023,"China National Petroleum",Energy,Strategic,Spain,Alicante,EMEA,EU-WEST,1680,1,192.22,14,69.20,0.00,0,1
1023,"China National Petroleum",Energy,Strategic,Sweden,Malmö,EMEA,NOR,806,1,39.25,8,-9.71,0.90,0,1
1023,"China National Petroleum",Energy,Strategic,"United Kingdom",Leeds,EMEA,UKIR,1813,1,13.28,2,6.37,0.00,0,1
1023,"China National Petroleum",Energy,Strategic,"United Kingdom",London,EMEA,UKIR,909,4,1451.87,46,435.84,0.00,174,1
1023,"China National Petroleum",Energy,Strategic,"United Kingdom",Manchester,EMEA,UKIR,1813,1,12.67,3,4.44,0.20,0,1
1023,"China National Petroleum",Energy,Strategic,"United States",Buffalo,AMER,NAMER,1658,1,182.72,8,84.05,0.00,0,1
1023,"China National Petroleum",Energy,Strategic,"United States","New York City",AMER,NAMER,831,2,178.86,7,65.07,0.20,194,1
1023,"China National Petroleum",Energy,Strategic,"United States",Seattle,AMER,NAMER,1568,1,485.79,12,78.49,0.60,0,1
1024,ConocoPhillips,Energy,SMB,Australia,Canberra,APJ,ANZ,1501,1,1305.81,18,-39.87,1.20,0,1
1024,ConocoPhillips,Energy,SMB,Belgium,Brussels,EMEA,EU-WEST,1462,1,711.78,15,21.89,0.60,0,1
1024,ConocoPhillips,Energy,SMB,Brazil,Brasília,AMER,LATAM,1735,1,1194.87,17,299.80,0.00,0,1
1024,ConocoPhillips,Energy,SMB,Canada,Toronto,AMER,NAMER,743,1,115.96,2,25.51,0.00,0,1
1024,ConocoPhillips,Energy,SMB,Chile,Santiago,AMER,LATAM,1456,1,2200.32,16,319.17,0.80,0,1
1024,ConocoPhillips,Energy,SMB,France,Paris,EMEA,EU-WEST,609,4,928.11,27,-53.35,3.10,1350,1
1024,ConocoPhillips,Energy,SMB,Germany,Berlin,EMEA,EU-WEST,1829,1,155.46,4,-7.77,0.20,0,1
1024,ConocoPhillips,Energy,SMB,Israel,"Tel Aviv",EMEA,EU-EAST,1350,1,106.88,8,41.59,0.00,0,1
1024,ConocoPhillips,Energy,SMB,Japan,Ibaraki,APJ,JAPN,983,2,1698.86,35,-270.21,3.70,895,1
1024,ConocoPhillips,Energy,SMB,Japan,Saitama,APJ,JAPN,1517,2,338.21,15,-63.90,1.70,178,1
1024,ConocoPhillips,Energy,SMB,Japan,Shizuoka,APJ,JAPN,1035,1,30.39,6,-32.53,1.40,0,1
1024,ConocoPhillips,Energy,SMB,Japan,Tokyo,APJ,JAPN,1957,2,236.98,15,-439.79,1.20,30,1
1024,ConocoPhillips,Energy,SMB,Mexico,Guadalajara,AMER,LATAM,817,1,221.02,2,-55.26,0.20,0,1
1024,ConocoPhillips,Energy,SMB,Mexico,Toluca,AMER,LATAM,1332,1,646.78,9,-145.52,0.20,0,1
1024,ConocoPhillips,Energy,SMB,Netherlands,"The Hague",EMEA,EU-WEST,638,2,533.90,6,174.08,0.20,681,1
1024,ConocoPhillips,Energy,SMB,Philippines,"Davao City",APJ,APAC,1366,1,96.10,5,36.03,0.00,0,1
1024,ConocoPhillips,Energy,SMB,Portugal,Lisboa,EMEA,EU-WEST,1123,1,29.00,2,7.25,0.00,0,1
1024,ConocoPhillips,Energy,SMB,"South Africa","Cape Town",EMEA,MEA,681,1,243.92,5,-54.88,0.20,0,1
1024,ConocoPhillips,Energy,SMB,Spain,Barcelona,EMEA,EU-WEST,1372,1,750.93,23,205.25,0.00,0,1
1024,ConocoPhillips,Energy,SMB,Spain,Seville,EMEA,EU-WEST,1330,1,36.27,3,10.88,0.00,0,1
1024,ConocoPhillips,Energy,SMB,Ukraine,Odessa,EMEA,EU-EAST,1871,1,616.14,10,76.10,0.00,0,1
1024,ConocoPhillips,Energy,SMB,"United Arab Emirates","Abu Dhabi",EMEA,MEA,1633,1,29.99,1,3.00,0.00,0,1
1024,ConocoPhillips,Energy,SMB,"United Kingdom",Cardiff,EMEA,UKIR,980,1,15.53,3,5.82,0.20,0,1
1024,ConocoPhillips,Energy,SMB,"United Kingdom",Glasgow,EMEA,UKIR,1726,1,4548.81,7,1228.18,0.00,0,1
1024,ConocoPhillips,Energy,SMB,"United Kingdom",London,EMEA,UKIR,1100,2,164.52,25,69.52,0.20,204,1
1024,ConocoPhillips,Energy,SMB,"United States",Columbus,AMER,NAMER,1703,1,43.31,1,4.33,0.00,0,1
1024,ConocoPhillips,Energy,SMB,"United States","Los Angeles",AMER,NAMER,924,1,136.53,12,44.77,0.20,0,1
1024,ConocoPhillips,Energy,SMB,"United States","New York City",AMER,NAMER,698,7,4422.45,70,737.54,2.00,1345,1
1024,ConocoPhillips,Energy,SMB,"United States","San Francisco",AMER,NAMER,973,1,1937.93,43,272.38,1.20,0,1
1024,ConocoPhillips,Energy,SMB,"United States",Seattle,AMER,NAMER,1700,2,157.88,6,29.28,0.00,21,1
1024,ConocoPhillips,Energy,SMB,"United States",Springfield,AMER,NAMER,764,1,75.18,6,35.33,0.00,0,1
1024,ConocoPhillips,Energy,Strategic,Australia,Melbourne,APJ,ANZ,1140,2,622.37,12,8.43,0.70,784,1
1024,ConocoPhillips,Energy,Strategic,Belgium,Brussels,EMEA,EU-WEST,632,1,23.77,10,3.15,0.90,0,1
1024,ConocoPhillips,Energy,Strategic,Canada,Toronto,AMER,NAMER,1721,1,721.48,19,79.74,0.20,0,1
1024,ConocoPhillips,Energy,Strategic,Chile,"Puente Alto",AMER,LATAM,1326,1,883.84,4,99.43,0.20,0,1
1024,ConocoPhillips,Energy,Strategic,France,Paris,EMEA,EU-WEST,1328,1,456.20,9,1.68,0.50,0,1
1024,ConocoPhillips,Energy,Strategic,Germany,Hamburg,EMEA,EU-WEST,1515,1,13.63,4,3.58,0.20,0,1
1024,ConocoPhillips,Energy,Strategic,Ireland,Dublin,EMEA,UKIR,1119,1,140.81,1,39.43,0.00,0,1
1024,ConocoPhillips,Energy,Strategic,Mexico,Monterrey,AMER,LATAM,783,1,921.23,18,-34.64,0.70,0,1
1024,ConocoPhillips,Energy,Strategic,"South Korea",Gwangju,APJ,APAC,1958,1,73.20,6,5.74,0.00,0,1
1024,ConocoPhillips,Energy,Strategic,"United Kingdom",London,EMEA,UKIR,629,4,2305.18,33,605.21,0.30,1096,1
1024,ConocoPhillips,Energy,Strategic,"United States",Henderson,AMER,NAMER,748,1,2399.96,5,839.99,0.20,0,1
1025,"Costco Wholesale",Retail,Enterprise,Brazil,"São Paulo",AMER,LATAM,1631,1,79.36,4,20.63,0.00,0,1
1025,"Costco Wholesale",Retail,Enterprise,Denmark,Copenhagen,EMEA,EU-WEST,1520,1,106.08,6,32.27,0.00,0,1
1025,"Costco Wholesale",Retail,Enterprise,Spain,Zaragoza,EMEA,EU-WEST,1695,1,2884.37,14,623.20,0.00,0,1
1025,"Costco Wholesale",Retail,Enterprise,Sweden,Stockholm,EMEA,NOR,932,1,383.99,14,1.84,0.90,0,1
1025,"Costco Wholesale",Retail,Enterprise,"United Kingdom",London,EMEA,UKIR,859,1,16.98,1,8.49,0.00,0,1
1025,"Costco Wholesale",Retail,Enterprise,"United States","New York City",AMER,NAMER,825,1,3359.95,6,1049.99,0.20,0,1
1025,"Costco Wholesale",Retail,Enterprise,"United States",Richmond,AMER,NAMER,1007,1,12.90,2,6.32,0.00,0,1
1025,"Costco Wholesale",Retail,SMB,Argentina,Mendoza,AMER,LATAM,1796,1,336.82,9,98.59,0.00,0,1
1025,"Costco Wholesale",Retail,SMB,Australia,Sydney,APJ,ANZ,1107,2,1052.97,12,57.44,0.60,513,1
1025,"Costco Wholesale",Retail,SMB,Chile,Antofagasta,AMER,LATAM,597,1,182.55,2,-135.09,0.50,0,1
1025,"Costco Wholesale",Retail,SMB,France,Paris,EMEA,EU-WEST,756,2,96.84,6,6.62,0.50,104,1
1025,"Costco Wholesale",Retail,SMB,Ireland,Dublin,EMEA,UKIR,590,1,1814.68,14,494.87,0.00,0,1
1025,"Costco Wholesale",Retail,SMB,Italy,Bologna,EMEA,EU,1072,1,54.50,5,14.17,0.00,0,1
1025,"Costco Wholesale",Retail,SMB,Japan,Aichi,APJ,JAPN,1345,1,45.04,2,4.50,0.20,0,1
1025,"Costco Wholesale",Retail,SMB,Japan,Tokyo,APJ,JAPN,597,2,295.03,27,-11.79,2.70,1311,1
1025,"Costco Wholesale",Retail,SMB,Philippines,"Davao City",APJ,APAC,1930,1,19.98,2,5.19,0.00,0,1
1025,"Costco Wholesale",Retail,SMB,Philippines,Manila,APJ,APAC,1151,1,9.45,3,4.54,0.00,0,1
